Algorithm,ARI Score,Duration,Sample size,Root0,Root1,Root2
K-Means,0.9424946744563727,0.028652667999267578,57,GO:0051128,GO:0061024,GO:0006796
Agglomerative,0.8344404113099784,0.0015020370483398438,57,GO:0051128,GO:0061024,GO:0006796
DBSCAN,0.0,0.011353731155395508,57,GO:0051128,GO:0061024,GO:0006796
HDBSCAN,0.33692990639271836,0.004739522933959961,57,GO:0051128,GO:0061024,GO:0006796
K-Means,0.25791568773053186,0.009741783142089844,65,GO:0051128,GO:0061024,GO:0008104
Agglomerative,0.735612412130406,0.0018684864044189453,65,GO:0051128,GO:0061024,GO:0008104
DBSCAN,0.0,0.0023202896118164062,65,GO:0051128,GO:0061024,GO:0008104
HDBSCAN,0.2578047784088663,0.00496220588684082,65,GO:0051128,GO:0061024,GO:0008104
K-Means,0.274561079446919,0.009916067123413086,56,GO:0051128,GO:0061024,GO:1901565
Agglomerative,0.8319223365279129,0.0017838478088378906,56,GO:0051128,GO:0061024,GO:1901565
DBSCAN,0.0,0.06457114219665527,56,GO:0051128,GO:0061024,GO:1901565
HDBSCAN,0.0,0.003581523895263672,56,GO:0051128,GO:0061024,GO:1901565
K-Means,0.890917189781323,0.009763002395629883,58,GO:0051128,GO:0061024,GO:0098662
Agglomerative,0.8395325189875084,0.001750946044921875,58,GO:0051128,GO:0061024,GO:0098662
DBSCAN,0.0,0.0024373531341552734,58,GO:0051128,GO:0061024,GO:0098662
HDBSCAN,0.12359720767007082,0.0049152374267578125,58,GO:0051128,GO:0061024,GO:0098662
K-Means,0.6846923144216971,0.009756088256835938,56,GO:0051128,GO:0061024,GO:0080135
Agglomerative,0.7028758960833641,0.0017256736755371094,56,GO:0051128,GO:0061024,GO:0080135
DBSCAN,0.0,0.0024077892303466797,56,GO:0051128,GO:0061024,GO:0080135
HDBSCAN,0.0,0.004512310028076172,56,GO:0051128,GO:0061024,GO:0080135
K-Means,0.4162922563397052,0.009741067886352539,59,GO:0051128,GO:0006796,GO:0022607
Agglomerative,0.7163857481853713,0.0017604827880859375,59,GO:0051128,GO:0006796,GO:0022607
DBSCAN,0.0,0.002457141876220703,59,GO:0051128,GO:0006796,GO:0022607
HDBSCAN,0.3994587853356081,0.00501251220703125,59,GO:0051128,GO:0006796,GO:0022607
K-Means,0.8842618230147303,0.009761810302734375,55,GO:0051128,GO:0006796,GO:0008104
Agglomerative,0.7788455909313597,0.0017066001892089844,55,GO:0051128,GO:0006796,GO:0008104
DBSCAN,0.0,0.0024039745330810547,55,GO:0051128,GO:0006796,GO:0008104
HDBSCAN,0.4284626865033377,0.00473332405090332,55,GO:0051128,GO:0006796,GO:0008104
K-Means,0.6360756805907363,0.009700298309326172,44,GO:0051128,GO:0006796,GO:0097435
Agglomerative,0.7224083375311166,0.0015668869018554688,44,GO:0051128,GO:0006796,GO:0097435
DBSCAN,0.0,0.002332448959350586,44,GO:0051128,GO:0006796,GO:0097435
HDBSCAN,0.49541932329453137,0.0038781166076660156,44,GO:0051128,GO:0006796,GO:0097435
K-Means,0.7782738350271642,0.009722471237182617,46,GO:0051128,GO:0006796,GO:1901565
Agglomerative,0.779326166586357,0.0015857219696044922,46,GO:0051128,GO:0006796,GO:1901565
DBSCAN,0.0,0.002346038818359375,46,GO:0051128,GO:0006796,GO:1901565
HDBSCAN,0.40427269198334825,0.0040683746337890625,46,GO:0051128,GO:0006796,GO:1901565
K-Means,1.0,0.009569644927978516,48,GO:0051128,GO:0006796,GO:0098662
Agglomerative,1.0,0.0013523101806640625,48,GO:0051128,GO:0006796,GO:0098662
DBSCAN,0.0,0.0020542144775390625,48,GO:0051128,GO:0006796,GO:0098662
HDBSCAN,0.4157082105059682,0.003803253173828125,48,GO:0051128,GO:0006796,GO:0098662
K-Means,0.5779791931218472,0.009565114974975586,46,GO:0051128,GO:0006796,GO:0080135
Agglomerative,0.8713988243157552,0.0013260841369628906,46,GO:0051128,GO:0006796,GO:0080135
DBSCAN,0.0,0.0020821094512939453,46,GO:0051128,GO:0006796,GO:0080135
HDBSCAN,0.42488864112305497,0.0035338401794433594,46,GO:0051128,GO:0006796,GO:0080135
K-Means,0.4426910968359153,0.009571552276611328,50,GO:0051128,GO:0006796,GO:0006996
Agglomerative,1.0,0.0015118122100830078,50,GO:0051128,GO:0006796,GO:0006996
DBSCAN,0.0,0.002185821533203125,50,GO:0051128,GO:0006796,GO:0006996
HDBSCAN,0.4196273155358484,0.003818035125732422,50,GO:0051128,GO:0006796,GO:0006996
K-Means,0.4695907643469088,0.009762763977050781,67,GO:0051128,GO:0022607,GO:0008104
Agglomerative,0.6114000951576136,0.0018939971923828125,67,GO:0051128,GO:0022607,GO:0008104
DBSCAN,0.0,0.0023348331451416016,67,GO:0051128,GO:0022607,GO:0008104
HDBSCAN,0.4556616261067638,0.005188465118408203,67,GO:0051128,GO:0022607,GO:0008104
K-Means,0.6525684857859078,0.009578227996826172,58,GO:0051128,GO:0022607,GO:1901565
Agglomerative,0.6620386338771376,0.0014638900756835938,58,GO:0051128,GO:0022607,GO:1901565
DBSCAN,0.0,0.002103567123413086,58,GO:0051128,GO:0022607,GO:1901565
HDBSCAN,0.1631772580192373,0.004410982131958008,58,GO:0051128,GO:0022607,GO:1901565
K-Means,0.6720773228839856,0.009719133377075195,60,GO:0051128,GO:0022607,GO:0098662
Agglomerative,0.7245809270449299,0.0017826557159423828,60,GO:0051128,GO:0022607,GO:0098662
DBSCAN,0.0,0.0024330615997314453,60,GO:0051128,GO:0022607,GO:0098662
HDBSCAN,0.2441198109946454,0.005101442337036133,60,GO:0051128,GO:0022607,GO:0098662
K-Means,0.3956114830193298,0.00975179672241211,58,GO:0051128,GO:0022607,GO:0080135
Agglomerative,0.3152762904176186,0.0017638206481933594,58,GO:0051128,GO:0022607,GO:0080135
DBSCAN,0.0,0.00225067138671875,58,GO:0051128,GO:0022607,GO:0080135
HDBSCAN,0.0,0.004235267639160156,58,GO:0051128,GO:0022607,GO:0080135
K-Means,0.5653363014787725,0.009741067886352539,52,GO:0051128,GO:0008104,GO:0097435
Agglomerative,0.8138135175135669,0.001669168472290039,52,GO:0051128,GO:0008104,GO:0097435
DBSCAN,0.0,0.002413511276245117,52,GO:0051128,GO:0008104,GO:0097435
HDBSCAN,0.4115827129459538,0.0044209957122802734,52,GO:0051128,GO:0008104,GO:0097435
K-Means,0.8803817015547871,0.009736061096191406,54,GO:0051128,GO:0008104,GO:1901565
Agglomerative,0.8255654207916715,0.0016994476318359375,54,GO:0051128,GO:0008104,GO:1901565
DBSCAN,0.0,0.002397775650024414,54,GO:0051128,GO:0008104,GO:1901565
HDBSCAN,0.4161790017211704,0.004554033279418945,54,GO:0051128,GO:0008104,GO:1901565
K-Means,0.40004157738713947,0.009741544723510742,56,GO:0051128,GO:0008104,GO:0098662
Agglomerative,0.8367254152068679,0.0017147064208984375,56,GO:0051128,GO:0008104,GO:0098662
DBSCAN,0.0,0.0024166107177734375,56,GO:0051128,GO:0008104,GO:0098662
HDBSCAN,0.434022611283392,0.004807233810424805,56,GO:0051128,GO:0008104,GO:0098662
K-Means,0.7033389911763562,0.009737014770507812,54,GO:0051128,GO:0008104,GO:0080135
Agglomerative,0.6896490536277603,0.0016984939575195312,54,GO:0051128,GO:0008104,GO:0080135
DBSCAN,0.0,0.0024216175079345703,54,GO:0051128,GO:0008104,GO:0080135
HDBSCAN,0.3797532586977895,0.004550457000732422,54,GO:0051128,GO:0008104,GO:0080135
K-Means,0.8047282637631775,0.009733438491821289,58,GO:0051128,GO:0008104,GO:0006996
Agglomerative,0.7960912573388944,0.0017576217651367188,58,GO:0051128,GO:0008104,GO:0006996
DBSCAN,0.0,0.002427816390991211,58,GO:0051128,GO:0008104,GO:0006996
HDBSCAN,0.29096173357859917,0.004877805709838867,58,GO:0051128,GO:0008104,GO:0006996
K-Means,0.4337149114075254,0.009702205657958984,43,GO:0051128,GO:0097435,GO:1901565
Agglomerative,0.70973185824114,0.0015544891357421875,43,GO:0051128,GO:0097435,GO:1901565
DBSCAN,0.0,0.002351045608520508,43,GO:0051128,GO:0097435,GO:1901565
HDBSCAN,0.34464846356499707,0.003798961639404297,43,GO:0051128,GO:0097435,GO:1901565
K-Means,0.7345203936606688,0.009557247161865234,45,GO:0051128,GO:0097435,GO:0098662
Agglomerative,0.7345203936606688,0.0013148784637451172,45,GO:0051128,GO:0097435,GO:0098662
DBSCAN,0.0,0.0020492076873779297,45,GO:0051128,GO:0097435,GO:0098662
HDBSCAN,0.23422167456669754,0.0034809112548828125,45,GO:0051128,GO:0097435,GO:0098662
K-Means,0.3670482912972368,0.00955510139465332,43,GO:0051128,GO:0097435,GO:0080135
Agglomerative,0.5694355897243578,0.0012996196746826172,43,GO:0051128,GO:0097435,GO:0080135
DBSCAN,0.0,0.002035379409790039,43,GO:0051128,GO:0097435,GO:0080135
HDBSCAN,0.0,0.003177165985107422,43,GO:0051128,GO:0097435,GO:0080135
K-Means,1.0,0.03367948532104492,47,GO:0051128,GO:1901565,GO:0098662
Agglomerative,1.0,0.0016140937805175781,47,GO:0051128,GO:1901565,GO:0098662
DBSCAN,0.0,0.0023698806762695312,47,GO:0051128,GO:1901565,GO:0098662
HDBSCAN,0.3166253138006512,0.004042387008666992,47,GO:0051128,GO:1901565,GO:0098662
K-Means,0.4709902410214585,0.00969076156616211,45,GO:0051128,GO:1901565,GO:0080135
Agglomerative,0.8656502695417789,0.001590728759765625,45,GO:0051128,GO:1901565,GO:0080135
DBSCAN,0.0,0.002348661422729492,45,GO:0051128,GO:1901565,GO:0080135
HDBSCAN,0.0,0.0036950111389160156,45,GO:0051128,GO:1901565,GO:0080135
K-Means,0.48186591472604406,0.009720325469970703,49,GO:0051128,GO:1901565,GO:0006996
Agglomerative,1.0,0.0016264915466308594,49,GO:0051128,GO:1901565,GO:0006996
DBSCAN,0.0,0.0023605823516845703,49,GO:0051128,GO:1901565,GO:0006996
HDBSCAN,0.0,0.003963947296142578,49,GO:0051128,GO:1901565,GO:0006996
K-Means,0.6116815918953831,0.009541749954223633,47,GO:0051128,GO:0098662,GO:0080135
Agglomerative,0.8769169761835586,0.0013380050659179688,47,GO:0051128,GO:0098662,GO:0080135
DBSCAN,0.0,0.0020470619201660156,47,GO:0051128,GO:0098662,GO:0080135
HDBSCAN,0.20207742794635214,0.0035965442657470703,47,GO:0051128,GO:0098662,GO:0080135
K-Means,1.0,0.009712934494018555,51,GO:0051128,GO:0098662,GO:0006996
Agglomerative,1.0,0.0016407966613769531,51,GO:0051128,GO:0098662,GO:0006996
DBSCAN,0.0,0.0023882389068603516,51,GO:0051128,GO:0098662,GO:0006996
HDBSCAN,0.2839754066876644,0.004359245300292969,51,GO:0051128,GO:0098662,GO:0006996
K-Means,0.5723353610156043,0.009742259979248047,49,GO:0051128,GO:0080135,GO:0006996
Agglomerative,0.8872520497222957,0.0016222000122070312,49,GO:0051128,GO:0080135,GO:0006996
DBSCAN,0.0,0.0023691654205322266,49,GO:0051128,GO:0080135,GO:0006996
HDBSCAN,0.0,0.003952741622924805,49,GO:0051128,GO:0080135,GO:0006996
K-Means,0.9454674940224008,0.009745597839355469,62,GO:0042127,GO:0061024,GO:0006796
Agglomerative,0.9539979877355413,0.0018191337585449219,62,GO:0042127,GO:0061024,GO:0006796
DBSCAN,0.0,0.0024597644805908203,62,GO:0042127,GO:0061024,GO:0006796
HDBSCAN,0.3765732570542034,0.005394935607910156,62,GO:0042127,GO:0061024,GO:0006796
K-Means,0.8322451990056546,0.009749174118041992,70,GO:0042127,GO:0061024,GO:0008104
Agglomerative,0.8364474523073905,0.0019299983978271484,70,GO:0042127,GO:0061024,GO:0008104
DBSCAN,0.0,0.002529621124267578,70,GO:0042127,GO:0061024,GO:0008104
HDBSCAN,0.5039383610689429,0.006008625030517578,70,GO:0042127,GO:0061024,GO:0008104
K-Means,0.9535437426347392,0.00958251953125,61,GO:0042127,GO:0061024,GO:1901565
Agglomerative,0.8187327230959163,0.0014946460723876953,61,GO:0042127,GO:0061024,GO:1901565
DBSCAN,0.0,0.002103090286254883,61,GO:0042127,GO:0061024,GO:1901565
HDBSCAN,0.31484016771507384,0.004819154739379883,61,GO:0042127,GO:0061024,GO:1901565
K-Means,0.9096525096525097,0.009745359420776367,63,GO:0042127,GO:0061024,GO:0098662
Agglomerative,0.8520801232665639,0.0018372535705566406,63,GO:0042127,GO:0061024,GO:0098662
DBSCAN,0.0,0.06469416618347168,63,GO:0042127,GO:0061024,GO:0098662
HDBSCAN,0.5108433734939759,0.0047338008880615234,63,GO:0042127,GO:0061024,GO:0098662
K-Means,0.7754384315937057,0.009738445281982422,61,GO:0042127,GO:0061024,GO:0080135
Agglomerative,0.8672388035639436,0.001806020736694336,61,GO:0042127,GO:0061024,GO:0080135
DBSCAN,0.0,0.06476354598999023,61,GO:0042127,GO:0061024,GO:0080135
HDBSCAN,0.40573028683375567,0.004584312438964844,61,GO:0042127,GO:0061024,GO:0080135
K-Means,0.9469321812492391,0.009588003158569336,64,GO:0042127,GO:0006796,GO:0022607
Agglomerative,0.9549409286564704,0.0015311241149902344,64,GO:0042127,GO:0006796,GO:0022607
DBSCAN,0.0,0.002130746841430664,64,GO:0042127,GO:0006796,GO:0022607
HDBSCAN,0.37279922328077186,0.0050432682037353516,64,GO:0042127,GO:0006796,GO:0022607
K-Means,0.8906781231282345,0.009609222412109375,60,GO:0042127,GO:0006796,GO:0008104
Agglomerative,0.8458589851177667,0.001474618911743164,60,GO:0042127,GO:0006796,GO:0008104
DBSCAN,0.0,0.002089977264404297,60,GO:0042127,GO:0006796,GO:0008104
HDBSCAN,0.6404642304596639,0.004602670669555664,60,GO:0042127,GO:0006796,GO:0008104
K-Means,0.46682658045227793,0.009713411331176758,49,GO:0042127,GO:0006796,GO:0097435
Agglomerative,1.0,0.001619577407836914,49,GO:0042127,GO:0006796,GO:0097435
DBSCAN,0.0,0.002357959747314453,49,GO:0042127,GO:0006796,GO:0097435
HDBSCAN,0.5926452965847813,0.004190206527709961,49,GO:0042127,GO:0006796,GO:0097435
K-Means,0.7901936800302779,0.00973057746887207,51,GO:0042127,GO:0006796,GO:1901565
Agglomerative,0.8245536783181372,0.0016505718231201172,51,GO:0042127,GO:0006796,GO:1901565
DBSCAN,0.0,0.00240325927734375,51,GO:0042127,GO:0006796,GO:1901565
HDBSCAN,0.6610193095555207,0.0044536590576171875,51,GO:0042127,GO:0006796,GO:1901565
K-Means,1.0,0.009708642959594727,53,GO:0042127,GO:0006796,GO:0098662
Agglomerative,1.0,0.0016748905181884766,53,GO:0042127,GO:0006796,GO:0098662
DBSCAN,0.0,0.002386808395385742,53,GO:0042127,GO:0006796,GO:0098662
HDBSCAN,0.9398025453592335,0.004523754119873047,53,GO:0042127,GO:0006796,GO:0098662
K-Means,0.6394577344029687,0.009722232818603516,51,GO:0042127,GO:0006796,GO:0080135
Agglomerative,1.0,0.0016450881958007812,51,GO:0042127,GO:0006796,GO:0080135
DBSCAN,0.0,0.0024073123931884766,51,GO:0042127,GO:0006796,GO:0080135
HDBSCAN,0.47705030618668803,0.0043277740478515625,51,GO:0042127,GO:0006796,GO:0080135
K-Means,1.0,0.009563446044921875,55,GO:0042127,GO:0006796,GO:0006996
Agglomerative,1.0,0.001430511474609375,55,GO:0042127,GO:0006796,GO:0006996
DBSCAN,0.0,0.06528997421264648,55,GO:0042127,GO:0006796,GO:0006996
HDBSCAN,0.5980111736945269,0.004118680953979492,55,GO:0042127,GO:0006796,GO:0006996
K-Means,0.8790509625722408,0.009784460067749023,72,GO:0042127,GO:0022607,GO:0008104
Agglomerative,0.8425726068142136,0.001968860626220703,72,GO:0042127,GO:0022607,GO:0008104
DBSCAN,0.0,0.0025377273559570312,72,GO:0042127,GO:0022607,GO:0008104
HDBSCAN,0.5914893979742818,0.006253242492675781,72,GO:0042127,GO:0022607,GO:0008104
K-Means,0.9008557132645767,0.009604692459106445,63,GO:0042127,GO:0022607,GO:1901565
Agglomerative,1.0,0.0016503334045410156,63,GO:0042127,GO:0022607,GO:1901565
DBSCAN,0.0,0.002268075942993164,63,GO:0042127,GO:0022607,GO:1901565
HDBSCAN,0.4872346185939924,0.005002498626708984,63,GO:0042127,GO:0022607,GO:1901565
K-Means,0.9483231953490876,0.00974273681640625,65,GO:0042127,GO:0022607,GO:0098662
Agglomerative,1.0,0.001857757568359375,65,GO:0042127,GO:0022607,GO:0098662
DBSCAN,0.0,0.0024671554565429688,65,GO:0042127,GO:0022607,GO:0098662
HDBSCAN,0.6444543828264758,0.00558018684387207,65,GO:0042127,GO:0022607,GO:0098662
K-Means,0.5018297701563808,0.009729146957397461,63,GO:0042127,GO:0022607,GO:0080135
Agglomerative,0.9049812281569537,0.0018155574798583984,63,GO:0042127,GO:0022607,GO:0080135
DBSCAN,0.0,0.0647127628326416,63,GO:0042127,GO:0022607,GO:0080135
HDBSCAN,0.3600547824696097,0.004737377166748047,63,GO:0042127,GO:0022607,GO:0080135
K-Means,0.5936863543788188,0.009564638137817383,57,GO:0042127,GO:0008104,GO:0097435
Agglomerative,0.8358974716457656,0.001440286636352539,57,GO:0042127,GO:0008104,GO:0097435
DBSCAN,0.0,0.002093791961669922,57,GO:0042127,GO:0008104,GO:0097435
HDBSCAN,0.5748639895002011,0.004274845123291016,57,GO:0042127,GO:0008104,GO:0097435
K-Means,0.8874619318068836,0.00958704948425293,59,GO:0042127,GO:0008104,GO:1901565
Agglomerative,0.842564846536764,0.001468658447265625,59,GO:0042127,GO:0008104,GO:1901565
DBSCAN,0.0,0.002108335494995117,59,GO:0042127,GO:0008104,GO:1901565
HDBSCAN,0.6353896755663305,0.004442691802978516,59,GO:0042127,GO:0008104,GO:1901565
K-Means,0.8938237222820411,0.009766340255737305,61,GO:0042127,GO:0008104,GO:0098662
Agglomerative,0.8491245901373462,0.0017910003662109375,61,GO:0042127,GO:0008104,GO:0098662
DBSCAN,0.0,0.0024328231811523438,61,GO:0042127,GO:0008104,GO:0098662
HDBSCAN,0.6180152462213275,0.005202054977416992,61,GO:0042127,GO:0008104,GO:0098662
K-Means,0.5047676309480154,0.00973820686340332,59,GO:0042127,GO:0008104,GO:0080135
Agglomerative,0.8256211491838972,0.001760721206665039,59,GO:0042127,GO:0008104,GO:0080135
DBSCAN,0.0,0.0024614334106445312,59,GO:0042127,GO:0008104,GO:0080135
HDBSCAN,0.5878318071619388,0.004937648773193359,59,GO:0042127,GO:0008104,GO:0080135
K-Means,0.8999023804160096,0.009724140167236328,63,GO:0042127,GO:0008104,GO:0006996
Agglomerative,0.8555562978055379,0.0018310546875,63,GO:0042127,GO:0008104,GO:0006996
DBSCAN,0.0,0.0024814605712890625,63,GO:0042127,GO:0008104,GO:0006996
HDBSCAN,0.5441317776252573,0.005357027053833008,63,GO:0042127,GO:0008104,GO:0006996
K-Means,0.7721027961855503,0.00971364974975586,48,GO:0042127,GO:0097435,GO:1901565
Agglomerative,1.0,0.0016021728515625,48,GO:0042127,GO:0097435,GO:1901565
DBSCAN,0.0,0.0021719932556152344,48,GO:0042127,GO:0097435,GO:1901565
HDBSCAN,0.5615947732997482,0.0036520957946777344,48,GO:0042127,GO:0097435,GO:1901565
K-Means,1.0,0.009738445281982422,50,GO:0042127,GO:0097435,GO:0098662
Agglomerative,1.0,0.0016446113586425781,50,GO:0042127,GO:0097435,GO:0098662
DBSCAN,0.0,0.06490373611450195,50,GO:0042127,GO:0097435,GO:0098662
HDBSCAN,0.7514999029496023,0.00373077392578125,50,GO:0042127,GO:0097435,GO:0098662
K-Means,0.31529713020208544,0.009742498397827148,48,GO:0042127,GO:0097435,GO:0080135
Agglomerative,1.0,0.0016181468963623047,48,GO:0042127,GO:0097435,GO:0080135
DBSCAN,0.0,0.0021991729736328125,48,GO:0042127,GO:0097435,GO:0080135
HDBSCAN,0.0,0.0034520626068115234,48,GO:0042127,GO:0097435,GO:0080135
K-Means,1.0,0.00972437858581543,52,GO:0042127,GO:1901565,GO:0098662
Agglomerative,1.0,0.001665353775024414,52,GO:0042127,GO:1901565,GO:0098662
DBSCAN,0.0,0.002222776412963867,52,GO:0042127,GO:1901565,GO:0098662
HDBSCAN,0.9429394812680115,0.003981113433837891,52,GO:0042127,GO:1901565,GO:0098662
K-Means,0.44249912009169096,0.009623050689697266,50,GO:0042127,GO:1901565,GO:0080135
Agglomerative,1.0,0.0013611316680908203,50,GO:0042127,GO:1901565,GO:0080135
DBSCAN,0.0,0.0020809173583984375,50,GO:0042127,GO:1901565,GO:0080135
HDBSCAN,0.4647550026459535,0.003795623779296875,50,GO:0042127,GO:1901565,GO:0080135
K-Means,1.0,0.009570837020874023,54,GO:0042127,GO:1901565,GO:0006996
Agglomerative,1.0,0.001402139663696289,54,GO:0042127,GO:1901565,GO:0006996
DBSCAN,0.0,0.0021011829376220703,54,GO:0042127,GO:1901565,GO:0006996
HDBSCAN,0.3562564306008185,0.0042264461517333984,54,GO:0042127,GO:1901565,GO:0006996
K-Means,0.7463175122749591,0.009563207626342773,52,GO:0042127,GO:0098662,GO:0080135
Agglomerative,1.0,0.00138092041015625,52,GO:0042127,GO:0098662,GO:0080135
DBSCAN,0.0,0.0020732879638671875,52,GO:0042127,GO:0098662,GO:0080135
HDBSCAN,0.5549132947976878,0.0039038658142089844,52,GO:0042127,GO:0098662,GO:0080135
K-Means,1.0,0.009575128555297852,56,GO:0042127,GO:0098662,GO:0006996
Agglomerative,1.0,0.0014197826385498047,56,GO:0042127,GO:0098662,GO:0006996
DBSCAN,0.0,0.002084970474243164,56,GO:0042127,GO:0098662,GO:0006996
HDBSCAN,0.6351992681113843,0.00426793098449707,56,GO:0042127,GO:0098662,GO:0006996
K-Means,1.0,0.009737253189086914,54,GO:0042127,GO:0080135,GO:0006996
Agglomerative,1.0,0.0016820430755615234,54,GO:0042127,GO:0080135,GO:0006996
DBSCAN,0.0,0.002418041229248047,54,GO:0042127,GO:0080135,GO:0006996
HDBSCAN,0.5049829508952839,0.004519939422607422,54,GO:0042127,GO:0080135,GO:0006996
K-Means,0.8945699498890988,0.009606599807739258,63,GO:0061024,GO:0006796,GO:0008104
Agglomerative,0.8487718597552278,0.001528024673461914,63,GO:0061024,GO:0006796,GO:0008104
DBSCAN,0.0,0.002138853073120117,63,GO:0061024,GO:0006796,GO:0008104
HDBSCAN,0.3050488180883864,0.004988908767700195,63,GO:0061024,GO:0006796,GO:0008104
K-Means,0.8150362236885473,0.00957345962524414,54,GO:0061024,GO:0006796,GO:1901565
Agglomerative,0.7382388622682727,0.001420736312866211,54,GO:0061024,GO:0006796,GO:1901565
DBSCAN,0.0,0.002079010009765625,54,GO:0061024,GO:0006796,GO:1901565
HDBSCAN,0.31490332391918313,0.004080772399902344,54,GO:0061024,GO:0006796,GO:1901565
K-Means,0.4045112781954887,0.009579181671142578,56,GO:0061024,GO:0006796,GO:0098662
Agglomerative,0.887394185970208,0.0014371871948242188,56,GO:0061024,GO:0006796,GO:0098662
DBSCAN,0.0,0.002088308334350586,56,GO:0061024,GO:0006796,GO:0098662
HDBSCAN,0.3403412028261244,0.004382610321044922,56,GO:0061024,GO:0006796,GO:0098662
K-Means,1.0,0.009584665298461914,54,GO:0061024,GO:0006796,GO:0080135
Agglomerative,0.7761380820774887,0.00156402587890625,54,GO:0061024,GO:0006796,GO:0080135
DBSCAN,0.0,0.002186298370361328,54,GO:0061024,GO:0006796,GO:0080135
HDBSCAN,0.3592134168135871,0.004401445388793945,54,GO:0061024,GO:0006796,GO:0080135
K-Means,0.8916828960934815,0.009879112243652344,62,GO:0061024,GO:0008104,GO:1901565
Agglomerative,0.7624580463246629,0.0018115043640136719,62,GO:0061024,GO:0008104,GO:1901565
DBSCAN,0.0,0.06466174125671387,62,GO:0061024,GO:0008104,GO:1901565
HDBSCAN,0.2775697803586437,0.00461125373840332,62,GO:0061024,GO:0008104,GO:1901565
K-Means,0.9038038792266404,0.009757518768310547,64,GO:0061024,GO:0008104,GO:0098662
Agglomerative,0.897700985859094,0.0018420219421386719,64,GO:0061024,GO:0008104,GO:0098662
DBSCAN,0.0,0.002257108688354492,64,GO:0061024,GO:0008104,GO:0098662
HDBSCAN,0.3416562956944661,0.0049779415130615234,64,GO:0061024,GO:0008104,GO:0098662
K-Means,0.3453896640302992,0.009758949279785156,62,GO:0061024,GO:0008104,GO:0080135
Agglomerative,0.6996975120365002,0.001810312271118164,62,GO:0061024,GO:0008104,GO:0080135
DBSCAN,0.0,0.06476020812988281,62,GO:0061024,GO:0008104,GO:0080135
HDBSCAN,0.2775697803586437,0.004609346389770508,62,GO:0061024,GO:0008104,GO:0080135
K-Means,0.37874451032166545,0.009757518768310547,55,GO:0061024,GO:1901565,GO:0098662
Agglomerative,0.786760693655357,0.0017216205596923828,55,GO:0061024,GO:1901565,GO:0098662
DBSCAN,0.0,0.002233743667602539,55,GO:0061024,GO:1901565,GO:0098662
HDBSCAN,0.324209608790701,0.0043332576751708984,55,GO:0061024,GO:1901565,GO:0098662
K-Means,0.7777066013298046,0.009622335433959961,53,GO:0061024,GO:1901565,GO:0080135
Agglomerative,0.7216148834475824,0.001550912857055664,53,GO:0061024,GO:1901565,GO:0080135
DBSCAN,0.0,0.0022199153900146484,53,GO:0061024,GO:1901565,GO:0080135
HDBSCAN,0.33794618153116246,0.004357337951660156,53,GO:0061024,GO:1901565,GO:0080135
K-Means,0.8886732165325694,0.04895329475402832,55,GO:0061024,GO:0098662,GO:0080135
Agglomerative,0.8370645199305914,0.0017154216766357422,55,GO:0061024,GO:0098662,GO:0080135
DBSCAN,0.0,0.002447843551635742,55,GO:0061024,GO:0098662,GO:0080135
HDBSCAN,0.14854867410993447,0.004639863967895508,55,GO:0061024,GO:0098662,GO:0080135
K-Means,0.39301777154979245,0.009740591049194336,65,GO:0006796,GO:0022607,GO:0008104
Agglomerative,0.7590102989300365,0.001857757568359375,65,GO:0006796,GO:0022607,GO:0008104
DBSCAN,0.0,0.0024831295013427734,65,GO:0006796,GO:0022607,GO:0008104
HDBSCAN,0.2796973343606881,0.005554914474487305,65,GO:0006796,GO:0022607,GO:0008104
K-Means,0.742419535972856,0.009749174118041992,56,GO:0006796,GO:0022607,GO:1901565
Agglomerative,0.8585881959710492,0.0017249584197998047,56,GO:0006796,GO:0022607,GO:1901565
DBSCAN,0.0,0.002408742904663086,56,GO:0006796,GO:0022607,GO:1901565
HDBSCAN,0.32294176485156595,0.004812955856323242,56,GO:0006796,GO:0022607,GO:1901565
K-Means,0.9451316514909006,0.009584188461303711,58,GO:0006796,GO:0022607,GO:0098662
Agglomerative,0.9456606188017002,0.0015969276428222656,58,GO:0006796,GO:0022607,GO:0098662
DBSCAN,0.0,0.002213716506958008,58,GO:0006796,GO:0022607,GO:0098662
HDBSCAN,0.5404645266585747,0.004549264907836914,58,GO:0006796,GO:0022607,GO:0098662
K-Means,0.941614667904527,0.009626388549804688,56,GO:0006796,GO:0022607,GO:0080135
Agglomerative,0.8865918835873049,0.0014183521270751953,56,GO:0006796,GO:0022607,GO:0080135
DBSCAN,0.0,0.06529378890991211,56,GO:0006796,GO:0022607,GO:0080135
HDBSCAN,0.39613891486974395,0.004305362701416016,56,GO:0006796,GO:0022607,GO:0080135
K-Means,0.4314895167478049,0.009568929672241211,50,GO:0006796,GO:0008104,GO:0097435
Agglomerative,0.8154947157447989,0.0013494491577148438,50,GO:0006796,GO:0008104,GO:0097435
DBSCAN,0.0,0.0020635128021240234,50,GO:0006796,GO:0008104,GO:0097435
HDBSCAN,0.4642358743284965,0.00379180908203125,50,GO:0006796,GO:0008104,GO:0097435
K-Means,0.831628882630348,0.009755373001098633,52,GO:0006796,GO:0008104,GO:1901565
Agglomerative,0.8321761163578927,0.0016727447509765625,52,GO:0006796,GO:0008104,GO:1901565
DBSCAN,0.0,0.002376556396484375,52,GO:0006796,GO:0008104,GO:1901565
HDBSCAN,0.3601536245799328,0.0044291019439697266,52,GO:0006796,GO:0008104,GO:1901565
K-Means,1.0,0.009585380554199219,54,GO:0006796,GO:0008104,GO:0098662
Agglomerative,0.9416718168027735,0.0014138221740722656,54,GO:0006796,GO:0008104,GO:0098662
DBSCAN,0.0,0.0020835399627685547,54,GO:0006796,GO:0008104,GO:0098662
HDBSCAN,0.5088919036574159,0.004160404205322266,54,GO:0006796,GO:0008104,GO:0098662
K-Means,0.8812366132090681,0.009722471237182617,52,GO:0006796,GO:0008104,GO:0080135
Agglomerative,0.7214492671942287,0.0016727447509765625,52,GO:0006796,GO:0008104,GO:0080135
DBSCAN,0.0,0.0021982192993164062,52,GO:0006796,GO:0008104,GO:0080135
HDBSCAN,0.49672330511479595,0.004007577896118164,52,GO:0006796,GO:0008104,GO:0080135
K-Means,1.0,0.009591102600097656,56,GO:0006796,GO:0008104,GO:0006996
Agglomerative,0.7819144689570748,0.00157928466796875,56,GO:0006796,GO:0008104,GO:0006996
DBSCAN,0.0,0.06510305404663086,56,GO:0006796,GO:0008104,GO:0006996
HDBSCAN,0.3932674584586388,0.004223823547363281,56,GO:0006796,GO:0008104,GO:0006996
K-Means,0.9214752797614162,0.009549379348754883,41,GO:0006796,GO:0097435,GO:1901565
Agglomerative,0.7212477223899268,0.0012655258178710938,41,GO:0006796,GO:0097435,GO:1901565
DBSCAN,0.0,0.002002239227294922,41,GO:0006796,GO:0097435,GO:1901565
HDBSCAN,0.3355411499436302,0.003179788589477539,41,GO:0006796,GO:0097435,GO:1901565
K-Means,0.7634422686488964,0.00971078872680664,43,GO:0006796,GO:0097435,GO:0098662
Agglomerative,1.0,0.0015404224395751953,43,GO:0006796,GO:0097435,GO:0098662
DBSCAN,0.0,0.002147674560546875,43,GO:0006796,GO:0097435,GO:0098662
HDBSCAN,0.5095218500534935,0.0033195018768310547,43,GO:0006796,GO:0097435,GO:0098662
K-Means,1.0,0.00970149040222168,41,GO:0006796,GO:0097435,GO:0080135
Agglomerative,1.0,0.0015180110931396484,41,GO:0006796,GO:0097435,GO:0080135
DBSCAN,0.0,0.002151966094970703,41,GO:0006796,GO:0097435,GO:0080135
HDBSCAN,0.3784362871927555,0.0031745433807373047,41,GO:0006796,GO:0097435,GO:0080135
K-Means,0.6871593833866108,0.009569406509399414,45,GO:0006796,GO:1901565,GO:0098662
Agglomerative,0.7687542628633361,0.0013113021850585938,45,GO:0006796,GO:1901565,GO:0098662
DBSCAN,0.0,0.0020554065704345703,45,GO:0006796,GO:1901565,GO:0098662
HDBSCAN,0.5505774922084384,0.0035593509674072266,45,GO:0006796,GO:1901565,GO:0098662
K-Means,0.8019057368980588,0.009732484817504883,43,GO:0006796,GO:1901565,GO:0080135
Agglomerative,0.7460329960231523,0.0015435218811035156,43,GO:0006796,GO:1901565,GO:0080135
DBSCAN,0.0,0.06498026847839355,43,GO:0006796,GO:1901565,GO:0080135
HDBSCAN,0.5098461875707866,0.003396749496459961,43,GO:0006796,GO:1901565,GO:0080135
K-Means,0.4954607504939307,0.009693384170532227,47,GO:0006796,GO:1901565,GO:0006996
Agglomerative,0.7893748270769279,0.0016019344329833984,47,GO:0006796,GO:1901565,GO:0006996
DBSCAN,0.0,0.06492996215820312,47,GO:0006796,GO:1901565,GO:0006996
HDBSCAN,0.5770892273987044,0.0035867691040039062,47,GO:0006796,GO:1901565,GO:0006996
K-Means,1.0,0.009761333465576172,45,GO:0006796,GO:0098662,GO:0080135
Agglomerative,1.0,0.0015833377838134766,45,GO:0006796,GO:0098662,GO:0080135
DBSCAN,0.0,0.002369403839111328,45,GO:0006796,GO:0098662,GO:0080135
HDBSCAN,0.8393157516796349,0.003955364227294922,45,GO:0006796,GO:0098662,GO:0080135
K-Means,0.5056127221702525,0.00971364974975586,49,GO:0006796,GO:0098662,GO:0006996
Agglomerative,1.0,0.001621246337890625,49,GO:0006796,GO:0098662,GO:0006996
DBSCAN,0.0,0.002373933792114258,49,GO:0006796,GO:0098662,GO:0006996
HDBSCAN,0.5296729317744561,0.004242658615112305,49,GO:0006796,GO:0098662,GO:0006996
K-Means,1.0,0.009696722030639648,47,GO:0006796,GO:0080135,GO:0006996
Agglomerative,1.0,0.0015926361083984375,47,GO:0006796,GO:0080135,GO:0006996
DBSCAN,0.0,0.002379179000854492,47,GO:0006796,GO:0080135,GO:0006996
HDBSCAN,0.36447058995369763,0.004033088684082031,47,GO:0006796,GO:0080135,GO:0006996
K-Means,0.38213541033576753,0.009616613388061523,64,GO:0022607,GO:0008104,GO:1901565
Agglomerative,0.8001618340909654,0.0016698837280273438,64,GO:0022607,GO:0008104,GO:1901565
DBSCAN,0.0,0.0022547245025634766,64,GO:0022607,GO:0008104,GO:1901565
HDBSCAN,0.0,0.0046961307525634766,64,GO:0022607,GO:0008104,GO:1901565
K-Means,0.5267006934286036,0.009765863418579102,66,GO:0022607,GO:0008104,GO:0098662
Agglomerative,0.810241971775729,0.0018870830535888672,66,GO:0022607,GO:0008104,GO:0098662
DBSCAN,0.0,0.002481698989868164,66,GO:0022607,GO:0008104,GO:0098662
HDBSCAN,0.5181870878921817,0.0056209564208984375,66,GO:0022607,GO:0008104,GO:0098662
K-Means,0.42518200754841506,0.009630918502807617,64,GO:0022607,GO:0008104,GO:0080135
Agglomerative,0.7959249870199985,0.0015177726745605469,64,GO:0022607,GO:0008104,GO:0080135
DBSCAN,0.0,0.06523442268371582,64,GO:0022607,GO:0008104,GO:0080135
HDBSCAN,0.30602980117819567,0.004841327667236328,64,GO:0022607,GO:0008104,GO:0080135
K-Means,0.9448014442930366,0.009732961654663086,57,GO:0022607,GO:1901565,GO:0098662
Agglomerative,1.0,0.0017261505126953125,57,GO:0022607,GO:1901565,GO:0098662
DBSCAN,0.0,0.002232789993286133,57,GO:0022607,GO:1901565,GO:0098662
HDBSCAN,0.4123878568836842,0.004374027252197266,57,GO:0022607,GO:1901565,GO:0098662
K-Means,0.9411767035979259,0.00958395004272461,55,GO:0022607,GO:1901565,GO:0080135
Agglomerative,0.9411767035979259,0.0014157295227050781,55,GO:0022607,GO:1901565,GO:0080135
DBSCAN,0.0,0.002110719680786133,55,GO:0022607,GO:1901565,GO:0080135
HDBSCAN,0.31183960570451774,0.004228830337524414,55,GO:0022607,GO:1901565,GO:0080135
K-Means,0.9448014442930366,0.00957798957824707,57,GO:0022607,GO:0098662,GO:0080135
Agglomerative,0.9448014442930366,0.0014338493347167969,57,GO:0022607,GO:0098662,GO:0080135
DBSCAN,0.0,0.06523656845092773,57,GO:0022607,GO:0098662,GO:0080135
HDBSCAN,0.4959085133418043,0.004270792007446289,57,GO:0022607,GO:0098662,GO:0080135
K-Means,0.7313432835820896,0.009736299514770508,49,GO:0008104,GO:0097435,GO:1901565
Agglomerative,0.8177850659160458,0.0016405582427978516,49,GO:0008104,GO:0097435,GO:1901565
DBSCAN,0.0,0.06489038467407227,49,GO:0008104,GO:0097435,GO:1901565
HDBSCAN,0.0,0.003466367721557617,49,GO:0008104,GO:0097435,GO:1901565
K-Means,0.20665984223520203,0.009711980819702148,51,GO:0008104,GO:0097435,GO:0098662
Agglomerative,0.8310512367491166,0.001661062240600586,51,GO:0008104,GO:0097435,GO:0098662
DBSCAN,0.0,0.002208232879638672,51,GO:0008104,GO:0097435,GO:0098662
HDBSCAN,0.429699803940475,0.0038690567016601562,51,GO:0008104,GO:0097435,GO:0098662
K-Means,0.276416539050536,0.009758234024047852,49,GO:0008104,GO:0097435,GO:0080135
Agglomerative,0.7500289855072464,0.0016231536865234375,49,GO:0008104,GO:0097435,GO:0080135
DBSCAN,0.0,0.002168416976928711,49,GO:0008104,GO:0097435,GO:0080135
HDBSCAN,0.35248665009720204,0.0037276744842529297,49,GO:0008104,GO:0097435,GO:0080135
K-Means,0.43540016388964764,0.009568929672241211,53,GO:0008104,GO:1901565,GO:0098662
Agglomerative,0.9380668297275433,0.001390695571899414,53,GO:0008104,GO:1901565,GO:0098662
DBSCAN,0.0,0.002081155776977539,53,GO:0008104,GO:1901565,GO:0098662
HDBSCAN,0.46466603899487197,0.003991603851318359,53,GO:0008104,GO:1901565,GO:0098662
K-Means,0.8262189455424075,0.00958395004272461,51,GO:0008104,GO:1901565,GO:0080135
Agglomerative,0.7671232876712328,0.0013532638549804688,51,GO:0008104,GO:1901565,GO:0080135
DBSCAN,0.0,0.002048492431640625,51,GO:0008104,GO:1901565,GO:0080135
HDBSCAN,0.43873078945830657,0.003865957260131836,51,GO:0008104,GO:1901565,GO:0080135
K-Means,0.8817006187150581,0.009577035903930664,55,GO:0008104,GO:1901565,GO:0006996
Agglomerative,0.8271009042758541,0.0014162063598632812,55,GO:0008104,GO:1901565,GO:0006996
DBSCAN,0.0,0.002064228057861328,55,GO:0008104,GO:1901565,GO:0006996
HDBSCAN,0.3503943365076631,0.004128456115722656,55,GO:0008104,GO:1901565,GO:0006996
K-Means,0.8854247338138383,0.009595394134521484,53,GO:0008104,GO:0098662,GO:0080135
Agglomerative,0.7832486487001783,0.0015354156494140625,53,GO:0008104,GO:0098662,GO:0080135
DBSCAN,0.0,0.002176523208618164,53,GO:0008104,GO:0098662,GO:0080135
HDBSCAN,0.45908046698923355,0.004197597503662109,53,GO:0008104,GO:0098662,GO:0080135
K-Means,1.0,0.009706497192382812,57,GO:0008104,GO:0098662,GO:0006996
Agglomerative,0.8378938965195264,0.0017189979553222656,57,GO:0008104,GO:0098662,GO:0006996
DBSCAN,0.0,0.0024156570434570312,57,GO:0008104,GO:0098662,GO:0006996
HDBSCAN,0.3812517956991624,0.004868984222412109,57,GO:0008104,GO:0098662,GO:0006996
K-Means,0.8934062621129247,0.00975179672241211,55,GO:0008104,GO:0080135,GO:0006996
Agglomerative,0.7450559911507972,0.0016984939575195312,55,GO:0008104,GO:0080135,GO:0006996
DBSCAN,0.0,0.0024127960205078125,55,GO:0008104,GO:0080135,GO:0006996
HDBSCAN,0.3503943365076631,0.0046198368072509766,55,GO:0008104,GO:0080135,GO:0006996
K-Means,0.5085745897104923,0.009704351425170898,42,GO:0097435,GO:1901565,GO:0098662
Agglomerative,1.0,0.0015261173248291016,42,GO:0097435,GO:1901565,GO:0098662
DBSCAN,0.0,0.0023245811462402344,42,GO:0097435,GO:1901565,GO:0098662
HDBSCAN,0.5329404685327744,0.0036547183990478516,42,GO:0097435,GO:1901565,GO:0098662
K-Means,0.7464239271781534,0.009573698043823242,40,GO:0097435,GO:1901565,GO:0080135
Agglomerative,1.0,0.0012667179107666016,40,GO:0097435,GO:1901565,GO:0080135
DBSCAN,0.0,0.0019981861114501953,40,GO:0097435,GO:1901565,GO:0080135
HDBSCAN,0.5118648533911083,0.003132343292236328,40,GO:0097435,GO:1901565,GO:0080135
K-Means,1.0,0.009570837020874023,42,GO:0097435,GO:0098662,GO:0080135
Agglomerative,1.0,0.0012857913970947266,42,GO:0097435,GO:0098662,GO:0080135
DBSCAN,0.0,0.002028226852416992,42,GO:0097435,GO:0098662,GO:0080135
HDBSCAN,0.6045352922389013,0.003244161605834961,42,GO:0097435,GO:0098662,GO:0080135
K-Means,0.9343929641064631,0.009590387344360352,44,GO:1901565,GO:0098662,GO:0080135
Agglomerative,1.0,0.0012903213500976562,44,GO:1901565,GO:0098662,GO:0080135
DBSCAN,0.0,0.06536388397216797,44,GO:1901565,GO:0098662,GO:0080135
HDBSCAN,0.8395893780919108,0.003397703170776367,44,GO:1901565,GO:0098662,GO:0080135
K-Means,1.0,0.009720325469970703,48,GO:1901565,GO:0098662,GO:0006996
Agglomerative,1.0,0.0016016960144042969,48,GO:1901565,GO:0098662,GO:0006996
DBSCAN,0.0,0.06491374969482422,48,GO:1901565,GO:0098662,GO:0006996
HDBSCAN,0.5442136225756043,0.0036079883575439453,48,GO:1901565,GO:0098662,GO:0006996
K-Means,0.9404621137068166,0.009734153747558594,46,GO:1901565,GO:0080135,GO:0006996
Agglomerative,1.0,0.0015892982482910156,46,GO:1901565,GO:0080135,GO:0006996
DBSCAN,0.0,0.06492280960083008,46,GO:1901565,GO:0080135,GO:0006996
HDBSCAN,0.34789645571815303,0.003476381301879883,46,GO:1901565,GO:0080135,GO:0006996
K-Means,1.0,0.009713888168334961,48,GO:0098662,GO:0080135,GO:0006996
Agglomerative,1.0,0.0016086101531982422,48,GO:0098662,GO:0080135,GO:0006996
DBSCAN,0.0,0.0021674633026123047,48,GO:0098662,GO:0080135,GO:0006996
HDBSCAN,0.366664777396775,0.0036416053771972656,48,GO:0098662,GO:0080135,GO:0006996
K-Means,0.9523638872087901,0.00977778434753418,60,GO:0007610,GO:0048589,GO:0007165
Agglomerative,0.9168622583689289,0.0017735958099365234,60,GO:0007610,GO:0048589,GO:0007165
DBSCAN,0.0,0.0022339820861816406,60,GO:0007610,GO:0048589,GO:0007165
HDBSCAN,0.01531982164083194,0.004549980163574219,60,GO:0007610,GO:0048589,GO:0007165
K-Means,0.5897236247245138,0.009746789932250977,59,GO:0007610,GO:0048589,GO:0008283
Agglomerative,0.8209650664294881,0.0017631053924560547,59,GO:0007610,GO:0048589,GO:0008283
DBSCAN,0.0,0.0022575855255126953,59,GO:0007610,GO:0048589,GO:0008283
HDBSCAN,0.4342737734332407,0.004498958587646484,59,GO:0007610,GO:0048589,GO:0008283
K-Means,0.5826628779673543,0.00974416732788086,52,GO:0019637,GO:0006790,GO:0033554
Agglomerative,0.6090554558729372,0.0016722679138183594,52,GO:0019637,GO:0006790,GO:0033554
DBSCAN,0.0,0.0021872520446777344,52,GO:0019637,GO:0006790,GO:0033554
HDBSCAN,0.497116507542831,0.0039179325103759766,52,GO:0019637,GO:0006790,GO:0033554
K-Means,0.4573836107014957,0.009579896926879883,54,GO:0019637,GO:0006790,GO:0050793
Agglomerative,0.702517994958813,0.0014083385467529297,54,GO:0019637,GO:0006790,GO:0050793
DBSCAN,0.0,0.002072572708129883,54,GO:0019637,GO:0006790,GO:0050793
HDBSCAN,0.6403108523303574,0.00420689582824707,54,GO:0019637,GO:0006790,GO:0050793
K-Means,0.8329887568827923,0.009738683700561523,60,GO:0019637,GO:0006790,GO:0006810
Agglomerative,0.7648074942696741,0.0017757415771484375,60,GO:0019637,GO:0006790,GO:0006810
DBSCAN,0.0,0.0022208690643310547,60,GO:0019637,GO:0006790,GO:0006810
HDBSCAN,0.6339729722530273,0.00471186637878418,60,GO:0019637,GO:0006790,GO:0006810
K-Means,0.8246423303996183,0.009567499160766602,54,GO:0019637,GO:0006790,GO:2000241
Agglomerative,0.702517994958813,0.0013966560363769531,54,GO:0019637,GO:0006790,GO:2000241
DBSCAN,0.0,0.0020673274993896484,54,GO:0019637,GO:0006790,GO:2000241
HDBSCAN,0.5797251408629561,0.0041925907135009766,54,GO:0019637,GO:0006790,GO:2000241
K-Means,0.6350317018025431,0.0097198486328125,51,GO:0019637,GO:0006790,GO:0042391
Agglomerative,0.6637547387506181,0.0016565322875976562,51,GO:0019637,GO:0006790,GO:0042391
DBSCAN,0.0,0.0021860599517822266,51,GO:0019637,GO:0006790,GO:0042391
HDBSCAN,0.6109886916725186,0.0038318634033203125,51,GO:0019637,GO:0006790,GO:0042391
K-Means,0.18210208026965846,0.00970768928527832,45,GO:0019637,GO:0006790,GO:0045165
Agglomerative,0.5692374632872838,0.0015676021575927734,45,GO:0019637,GO:0006790,GO:0045165
DBSCAN,0.0,0.002331972122192383,45,GO:0019637,GO:0006790,GO:0045165
HDBSCAN,0.4819221723765704,0.0038824081420898438,45,GO:0019637,GO:0006790,GO:0045165
K-Means,0.8510479287595281,0.009603738784790039,76,GO:0019637,GO:0006790,GO:0030154
Agglomerative,0.8620216650192645,0.0016660690307617188,76,GO:0019637,GO:0006790,GO:0030154
DBSCAN,0.0,0.002189159393310547,76,GO:0019637,GO:0006790,GO:0030154
HDBSCAN,0.7843801605115457,0.006399869918823242,76,GO:0019637,GO:0006790,GO:0030154
K-Means,0.5900716728117888,0.009707450866699219,50,GO:0019637,GO:0006790,GO:0010035
Agglomerative,0.6495953660774942,0.0016376972198486328,50,GO:0019637,GO:0006790,GO:0010035
DBSCAN,0.0,0.0023622512817382812,50,GO:0019637,GO:0006790,GO:0010035
HDBSCAN,0.3756840821622604,0.004268169403076172,50,GO:0019637,GO:0006790,GO:0010035
K-Means,0.7749775484821271,0.00975942611694336,59,GO:0019637,GO:0006790,GO:0010033
Agglomerative,0.6352481316889115,0.0017478466033935547,59,GO:0019637,GO:0006790,GO:0010033
DBSCAN,0.0,0.0024259090423583984,59,GO:0019637,GO:0006790,GO:0010033
HDBSCAN,0.5606466280821009,0.004937171936035156,59,GO:0019637,GO:0006790,GO:0010033
K-Means,0.5085208865398027,0.009757518768310547,58,GO:0019637,GO:0006790,GO:0051649
Agglomerative,0.7461138238437466,0.0017383098602294922,58,GO:0019637,GO:0006790,GO:0051649
DBSCAN,0.0,0.002413511276245117,58,GO:0019637,GO:0006790,GO:0051649
HDBSCAN,0.4265414923217434,0.0050280094146728516,58,GO:0019637,GO:0006790,GO:0051649
K-Means,0.8829644941634242,0.009762048721313477,56,GO:0019637,GO:0033554,GO:0050793
Agglomerative,0.7955886591526221,0.0017151832580566406,56,GO:0019637,GO:0033554,GO:0050793
DBSCAN,0.0,0.0022437572479248047,56,GO:0019637,GO:0033554,GO:0050793
HDBSCAN,0.42317964485323817,0.0042285919189453125,56,GO:0019637,GO:0033554,GO:0050793
K-Means,0.8565047679977494,0.009586334228515625,62,GO:0019637,GO:0033554,GO:0006810
Agglomerative,0.8224843008117629,0.0015010833740234375,62,GO:0019637,GO:0033554,GO:0006810
DBSCAN,0.0,0.002117633819580078,62,GO:0019637,GO:0033554,GO:0006810
HDBSCAN,0.35709857408555484,0.004875659942626953,62,GO:0019637,GO:0033554,GO:0006810
K-Means,1.0,0.009542703628540039,56,GO:0019637,GO:0033554,GO:2000241
Agglomerative,0.8490948736780818,0.0014231204986572266,56,GO:0019637,GO:0033554,GO:2000241
DBSCAN,0.0,0.0020825862884521484,56,GO:0019637,GO:0033554,GO:2000241
HDBSCAN,0.3994535389132629,0.004380464553833008,56,GO:0019637,GO:0033554,GO:2000241
K-Means,0.8941668906724012,0.00955510139465332,53,GO:0019637,GO:0033554,GO:0042391
Agglomerative,1.0,0.0013818740844726562,53,GO:0019637,GO:0033554,GO:0042391
DBSCAN,0.0,0.0020754337310791016,53,GO:0019637,GO:0033554,GO:0042391
HDBSCAN,0.41857754569190603,0.004155397415161133,53,GO:0019637,GO:0033554,GO:0042391
K-Means,0.7560578943272898,0.009692668914794922,47,GO:0019637,GO:0033554,GO:0045165
Agglomerative,0.8023227764376313,0.0016016960144042969,47,GO:0019637,GO:0033554,GO:0045165
DBSCAN,0.0,0.0021593570709228516,47,GO:0019637,GO:0033554,GO:0045165
HDBSCAN,0.44745716196977753,0.003573179244995117,47,GO:0019637,GO:0033554,GO:0045165
K-Means,0.6710826288999593,0.009773969650268555,78,GO:0019637,GO:0033554,GO:0030154
Agglomerative,0.8369335027530708,0.0020673274993896484,78,GO:0019637,GO:0033554,GO:0030154
DBSCAN,0.0,0.002384662628173828,78,GO:0019637,GO:0033554,GO:0030154
HDBSCAN,0.4602332285115304,0.006386518478393555,78,GO:0019637,GO:0033554,GO:0030154
K-Means,0.4199475065616798,0.009720802307128906,52,GO:0019637,GO:0033554,GO:0010035
Agglomerative,0.8204943078529712,0.0016660690307617188,52,GO:0019637,GO:0033554,GO:0010035
DBSCAN,0.0,0.0021758079528808594,52,GO:0019637,GO:0033554,GO:0010035
HDBSCAN,0.33634562750684244,0.0039403438568115234,52,GO:0019637,GO:0033554,GO:0010035
K-Means,0.8172217709179529,0.009733200073242188,61,GO:0019637,GO:0033554,GO:0010033
Agglomerative,0.8511159303153734,0.0017855167388916016,61,GO:0019637,GO:0033554,GO:0010033
DBSCAN,0.0,0.0022644996643066406,61,GO:0019637,GO:0033554,GO:0010033
HDBSCAN,0.0,0.0044176578521728516,61,GO:0019637,GO:0033554,GO:0010033
K-Means,0.5833598412072322,0.009776592254638672,60,GO:0019637,GO:0033554,GO:0051649
Agglomerative,0.7455173603659332,0.0017693042755126953,60,GO:0019637,GO:0033554,GO:0051649
DBSCAN,0.0,0.06474804878234863,60,GO:0019637,GO:0033554,GO:0051649
HDBSCAN,0.32405582528161003,0.0046689510345458984,60,GO:0019637,GO:0033554,GO:0051649
K-Means,1.0,0.009731531143188477,64,GO:0019637,GO:0050793,GO:0006810
Agglomerative,0.8454559293652002,0.0018248558044433594,64,GO:0019637,GO:0050793,GO:0006810
DBSCAN,0.0,0.0022611618041992188,64,GO:0019637,GO:0050793,GO:0006810
HDBSCAN,0.5290148018462518,0.004949808120727539,64,GO:0019637,GO:0050793,GO:0006810
K-Means,1.0,0.009561777114868164,55,GO:0019637,GO:0050793,GO:0042391
Agglomerative,0.9392087310180798,0.001416921615600586,55,GO:0019637,GO:0050793,GO:0042391
DBSCAN,0.0,0.002076864242553711,55,GO:0019637,GO:0050793,GO:0042391
HDBSCAN,0.476924969705754,0.0043070316314697266,55,GO:0019637,GO:0050793,GO:0042391
K-Means,0.8739050193652361,0.009567499160766602,49,GO:0019637,GO:0050793,GO:0045165
Agglomerative,0.9352791878172588,0.0014910697937011719,49,GO:0019637,GO:0050793,GO:0045165
DBSCAN,0.0,0.0021369457244873047,49,GO:0019637,GO:0050793,GO:0045165
HDBSCAN,0.5139609204808085,0.0038373470306396484,49,GO:0019637,GO:0050793,GO:0045165
K-Means,0.7335114076499691,0.009746789932250977,80,GO:0019637,GO:0050793,GO:0030154
Agglomerative,0.8388487125663787,0.0021071434020996094,80,GO:0019637,GO:0050793,GO:0030154
DBSCAN,0.0,0.0023174285888671875,80,GO:0019637,GO:0050793,GO:0030154
HDBSCAN,0.4337655567863426,0.006426334381103516,80,GO:0019637,GO:0050793,GO:0030154
K-Means,1.0,0.009578227996826172,54,GO:0019637,GO:0050793,GO:0010035
Agglomerative,1.0,0.0014009475708007812,54,GO:0019637,GO:0050793,GO:0010035
DBSCAN,0.0,0.06535029411315918,54,GO:0019637,GO:0050793,GO:0010035
HDBSCAN,0.407691513495866,0.004072666168212891,54,GO:0019637,GO:0050793,GO:0010035
K-Means,1.0,0.00959634780883789,63,GO:0019637,GO:0050793,GO:0010033
Agglomerative,0.9108910891089109,0.0015125274658203125,63,GO:0019637,GO:0050793,GO:0010033
DBSCAN,0.0,0.002134561538696289,63,GO:0019637,GO:0050793,GO:0010033
HDBSCAN,0.0,0.0046100616455078125,63,GO:0019637,GO:0050793,GO:0010033
K-Means,0.9447263432517903,0.009754180908203125,62,GO:0019637,GO:0050793,GO:0051649
Agglomerative,0.8919251355501772,0.0017952919006347656,62,GO:0019637,GO:0050793,GO:0051649
DBSCAN,0.0,0.002260446548461914,62,GO:0019637,GO:0050793,GO:0051649
HDBSCAN,0.4186843716352374,0.004887580871582031,62,GO:0019637,GO:0050793,GO:0051649
K-Means,1.0,0.009622573852539062,64,GO:0019637,GO:0006810,GO:2000241
Agglomerative,1.0,0.0016748905181884766,64,GO:0019637,GO:0006810,GO:2000241
DBSCAN,0.0,0.0022287368774414062,64,GO:0019637,GO:0006810,GO:2000241
HDBSCAN,0.5618591279348347,0.00493621826171875,64,GO:0019637,GO:0006810,GO:2000241
K-Means,1.0,0.00973200798034668,61,GO:0019637,GO:0006810,GO:0042391
Agglomerative,0.8913229957109865,0.0017704963684082031,61,GO:0019637,GO:0006810,GO:0042391
DBSCAN,0.0,0.06481552124023438,61,GO:0019637,GO:0006810,GO:0042391
HDBSCAN,0.408108566581849,0.004662513732910156,61,GO:0019637,GO:0006810,GO:0042391
K-Means,1.0,0.009699583053588867,55,GO:0019637,GO:0006810,GO:0045165
Agglomerative,1.0,0.0016944408416748047,55,GO:0019637,GO:0006810,GO:0045165
DBSCAN,0.0,0.06483602523803711,55,GO:0019637,GO:0006810,GO:0045165
HDBSCAN,0.610308372374034,0.004139423370361328,55,GO:0019637,GO:0006810,GO:0045165
K-Means,1.0,0.009817123413085938,86,GO:0019637,GO:0006810,GO:0030154
Agglomerative,0.9589833763380526,0.002213716506958008,86,GO:0019637,GO:0006810,GO:0030154
DBSCAN,0.0,0.06422829627990723,86,GO:0019637,GO:0006810,GO:0030154
HDBSCAN,0.3125642427556042,0.007083892822265625,86,GO:0019637,GO:0006810,GO:0030154
K-Means,1.0,0.009721755981445312,60,GO:0019637,GO:0006810,GO:0010035
Agglomerative,1.0,0.0017688274383544922,60,GO:0019637,GO:0006810,GO:0010035
DBSCAN,0.0,0.002434968948364258,60,GO:0019637,GO:0006810,GO:0010035
HDBSCAN,0.36635026447358887,0.005207061767578125,60,GO:0019637,GO:0006810,GO:0010035
K-Means,0.9493798548732538,0.00973963737487793,69,GO:0019637,GO:0006810,GO:0010033
Agglomerative,0.9264253904534906,0.001913309097290039,69,GO:0019637,GO:0006810,GO:0010033
DBSCAN,0.0,0.0024809837341308594,69,GO:0019637,GO:0006810,GO:0010033
HDBSCAN,0.5054010061567623,0.005869150161743164,69,GO:0019637,GO:0006810,GO:0010033
K-Means,1.0,0.009701728820800781,55,GO:0019637,GO:2000241,GO:0042391
Agglomerative,0.8821790617860609,0.0016889572143554688,55,GO:0019637,GO:2000241,GO:0042391
DBSCAN,0.0,0.0024025440216064453,55,GO:0019637,GO:2000241,GO:0042391
HDBSCAN,0.4269465181232025,0.004792213439941406,55,GO:0019637,GO:2000241,GO:0042391
K-Means,0.9352791878172588,0.009690284729003906,49,GO:0019637,GO:2000241,GO:0045165
Agglomerative,1.0,0.001613616943359375,49,GO:0019637,GO:2000241,GO:0045165
DBSCAN,0.0,0.0023751258850097656,49,GO:0019637,GO:2000241,GO:0045165
HDBSCAN,0.4679334916864608,0.004456281661987305,49,GO:0019637,GO:2000241,GO:0045165
K-Means,0.9570742619448076,0.009757280349731445,80,GO:0019637,GO:2000241,GO:0030154
Agglomerative,0.9162231486575158,0.0020973682403564453,80,GO:0019637,GO:2000241,GO:0030154
DBSCAN,0.0,0.0025758743286132812,80,GO:0019637,GO:2000241,GO:0030154
HDBSCAN,0.4262448353134415,0.007233619689941406,80,GO:0019637,GO:2000241,GO:0030154
K-Means,1.0,0.009697198867797852,54,GO:0019637,GO:2000241,GO:0010035
Agglomerative,1.0,0.0016663074493408203,54,GO:0019637,GO:2000241,GO:0010035
DBSCAN,0.0,0.002393007278442383,54,GO:0019637,GO:2000241,GO:0010035
HDBSCAN,0.5631175889328063,0.004603385925292969,54,GO:0019637,GO:2000241,GO:0010035
K-Means,1.0,0.009727716445922852,63,GO:0019637,GO:2000241,GO:0010033
Agglomerative,0.9108910891089109,0.00182342529296875,63,GO:0019637,GO:2000241,GO:0010033
DBSCAN,0.0,0.0647284984588623,63,GO:0019637,GO:2000241,GO:0010033
HDBSCAN,0.5388599647998767,0.004680156707763672,63,GO:0019637,GO:2000241,GO:0010033
K-Means,1.0,0.00977468490600586,62,GO:0019637,GO:2000241,GO:0051649
Agglomerative,0.9448900336760048,0.0018012523651123047,62,GO:0019637,GO:2000241,GO:0051649
DBSCAN,0.0,0.06461954116821289,62,GO:0019637,GO:2000241,GO:0051649
HDBSCAN,0.35506629137538465,0.004315614700317383,62,GO:0019637,GO:2000241,GO:0051649
K-Means,1.0,0.009694099426269531,46,GO:0019637,GO:0042391,GO:0045165
Agglomerative,1.0,0.0015749931335449219,46,GO:0019637,GO:0042391,GO:0045165
DBSCAN,0.0,0.002344846725463867,46,GO:0019637,GO:0042391,GO:0045165
HDBSCAN,0.8447830977218094,0.0040130615234375,46,GO:0019637,GO:0042391,GO:0045165
K-Means,1.0,0.009749174118041992,77,GO:0019637,GO:0042391,GO:0030154
Agglomerative,1.0,0.002045154571533203,77,GO:0019637,GO:0042391,GO:0030154
DBSCAN,0.0,0.002544403076171875,77,GO:0019637,GO:0042391,GO:0030154
HDBSCAN,0.7303177043596012,0.006757974624633789,77,GO:0019637,GO:0042391,GO:0030154
K-Means,0.9356962734659569,0.009732723236083984,51,GO:0019637,GO:0042391,GO:0010035
Agglomerative,1.0,0.0016412734985351562,51,GO:0019637,GO:0042391,GO:0010035
DBSCAN,0.0,0.0024042129516601562,51,GO:0019637,GO:0042391,GO:0010035
HDBSCAN,0.6628205033500033,0.004381418228149414,51,GO:0019637,GO:0042391,GO:0010035
K-Means,1.0,0.009722709655761719,60,GO:0019637,GO:0042391,GO:0010033
Agglomerative,0.901842427448287,0.001775979995727539,60,GO:0019637,GO:0042391,GO:0010033
DBSCAN,0.0,0.0022110939025878906,60,GO:0019637,GO:0042391,GO:0010033
HDBSCAN,0.74618972236617,0.004530906677246094,60,GO:0019637,GO:0042391,GO:0010033
K-Means,0.5829472737093773,0.009730815887451172,59,GO:0019637,GO:0042391,GO:0051649
Agglomerative,1.0,0.0017421245574951172,59,GO:0019637,GO:0042391,GO:0051649
DBSCAN,0.0,0.002232789993286133,59,GO:0019637,GO:0042391,GO:0051649
HDBSCAN,0.4343554273203575,0.004456758499145508,59,GO:0019637,GO:0042391,GO:0051649
K-Means,1.0,0.009566307067871094,45,GO:0019637,GO:0045165,GO:0010035
Agglomerative,1.0,0.0013129711151123047,45,GO:0019637,GO:0045165,GO:0010035
DBSCAN,0.0,0.0020318031311035156,45,GO:0019637,GO:0045165,GO:0010035
HDBSCAN,0.5917003921644293,0.003513813018798828,45,GO:0019637,GO:0045165,GO:0010035
K-Means,1.0,0.009762763977050781,54,GO:0019637,GO:0045165,GO:0010033
Agglomerative,0.8811104791241939,0.0016908645629882812,54,GO:0019637,GO:0045165,GO:0010033
DBSCAN,0.0,0.0023975372314453125,54,GO:0019637,GO:0045165,GO:0010033
HDBSCAN,0.7933224392780213,0.004557609558105469,54,GO:0019637,GO:0045165,GO:0010033
K-Means,0.42664987693892736,0.009579658508300781,53,GO:0019637,GO:0045165,GO:0051649
Agglomerative,0.7755052644318045,0.001383066177368164,53,GO:0019637,GO:0045165,GO:0051649
DBSCAN,0.0,0.002058744430541992,53,GO:0019637,GO:0045165,GO:0051649
HDBSCAN,0.4911373707533235,0.0041501522064208984,53,GO:0019637,GO:0045165,GO:0051649
K-Means,1.0,0.009747505187988281,76,GO:0019637,GO:0030154,GO:0010035
Agglomerative,1.0,0.0020279884338378906,76,GO:0019637,GO:0030154,GO:0010035
DBSCAN,0.0,0.06452441215515137,76,GO:0019637,GO:0030154,GO:0010035
HDBSCAN,0.6827352997414735,0.005919694900512695,76,GO:0019637,GO:0030154,GO:0010035
K-Means,1.0,0.009751081466674805,85,GO:0019637,GO:0030154,GO:0010033
Agglomerative,0.953895549561208,0.0022161006927490234,85,GO:0019637,GO:0030154,GO:0010033
DBSCAN,0.0,0.0023751258850097656,85,GO:0019637,GO:0030154,GO:0010033
HDBSCAN,0.6977078753777025,0.007605552673339844,85,GO:0019637,GO:0030154,GO:0010033
K-Means,0.9585304367705276,0.009775638580322266,84,GO:0019637,GO:0030154,GO:0051649
Agglomerative,0.8397549478470179,0.0021686553955078125,84,GO:0019637,GO:0030154,GO:0051649
DBSCAN,0.0,0.0023801326751708984,84,GO:0019637,GO:0030154,GO:0051649
HDBSCAN,0.3932692680875107,0.0077054500579833984,84,GO:0019637,GO:0030154,GO:0051649
K-Means,0.9422115843500785,0.009731292724609375,58,GO:0019637,GO:0010035,GO:0051649
Agglomerative,1.0,0.0017459392547607422,58,GO:0019637,GO:0010035,GO:0051649
DBSCAN,0.0,0.002209186553955078,58,GO:0019637,GO:0010035,GO:0051649
HDBSCAN,0.42227727999332104,0.0044708251953125,58,GO:0019637,GO:0010035,GO:0051649
K-Means,0.5915203715503933,0.009720802307128906,67,GO:0019637,GO:0010033,GO:0051649
Agglomerative,0.9216171969664604,0.0018725395202636719,67,GO:0019637,GO:0010033,GO:0051649
DBSCAN,0.0,0.0022830963134765625,67,GO:0019637,GO:0010033,GO:0051649
HDBSCAN,0.48203175690868016,0.005152463912963867,67,GO:0019637,GO:0010033,GO:0051649
K-Means,0.7618327206711306,0.009737253189086914,60,GO:0006790,GO:0033554,GO:0050793
Agglomerative,0.7710074285441701,0.0017771720886230469,60,GO:0006790,GO:0033554,GO:0050793
DBSCAN,0.0,0.002220630645751953,60,GO:0006790,GO:0033554,GO:0050793
HDBSCAN,0.4397704764044026,0.004544496536254883,60,GO:0006790,GO:0033554,GO:0050793
K-Means,0.9038963518209727,0.009732961654663086,66,GO:0006790,GO:0033554,GO:0006810
Agglomerative,0.7708146352266502,0.001861572265625,66,GO:0006790,GO:0033554,GO:0006810
DBSCAN,0.0,0.06468081474304199,66,GO:0006790,GO:0033554,GO:0006810
HDBSCAN,0.3880408656231108,0.005193948745727539,66,GO:0006790,GO:0033554,GO:0006810
K-Means,0.37608373113595184,0.009736776351928711,60,GO:0006790,GO:0033554,GO:2000241
Agglomerative,0.7710074285441701,0.0017600059509277344,60,GO:0006790,GO:0033554,GO:2000241
DBSCAN,0.0,0.06477904319763184,60,GO:0006790,GO:0033554,GO:2000241
HDBSCAN,0.4397704764044026,0.004576206207275391,60,GO:0006790,GO:0033554,GO:2000241
K-Means,1.0,0.009732961654663086,57,GO:0006790,GO:0033554,GO:0042391
Agglomerative,0.7650461806398196,0.001725912094116211,57,GO:0006790,GO:0033554,GO:0042391
DBSCAN,0.0,0.06481671333312988,57,GO:0006790,GO:0033554,GO:0042391
HDBSCAN,0.43192784667418266,0.004372119903564453,57,GO:0006790,GO:0033554,GO:0042391
K-Means,0.889400031899801,0.009717702865600586,51,GO:0006790,GO:0033554,GO:0045165
Agglomerative,0.71435429668747,0.0016493797302246094,51,GO:0006790,GO:0033554,GO:0045165
DBSCAN,0.0,0.0021750926971435547,51,GO:0006790,GO:0033554,GO:0045165
HDBSCAN,0.4568364501835417,0.003859281539916992,51,GO:0006790,GO:0033554,GO:0045165
K-Means,0.9374596614730902,0.009618520736694336,82,GO:0006790,GO:0033554,GO:0030154
Agglomerative,0.859839445673669,0.0017876625061035156,82,GO:0006790,GO:0033554,GO:0030154
DBSCAN,0.0,0.002243518829345703,82,GO:0006790,GO:0033554,GO:0030154
HDBSCAN,0.47684856960242805,0.007462501525878906,82,GO:0006790,GO:0033554,GO:0030154
K-Means,0.436834925927623,0.009573936462402344,56,GO:0006790,GO:0033554,GO:0010035
Agglomerative,0.36096049573973665,0.0014183521270751953,56,GO:0006790,GO:0033554,GO:0010035
DBSCAN,0.0,0.0020704269409179688,56,GO:0006790,GO:0033554,GO:0010035
HDBSCAN,0.0,0.00403904914855957,56,GO:0006790,GO:0033554,GO:0010035
K-Means,0.4228923973318022,0.00975179672241211,65,GO:0006790,GO:0033554,GO:0010033
Agglomerative,0.4125532844296495,0.0018482208251953125,65,GO:0006790,GO:0033554,GO:0010033
DBSCAN,0.0,0.002475261688232422,65,GO:0006790,GO:0033554,GO:0010033
HDBSCAN,0.3988461195353164,0.005494356155395508,65,GO:0006790,GO:0033554,GO:0010033
K-Means,0.90149078697205,0.009744882583618164,64,GO:0006790,GO:0033554,GO:0051649
Agglomerative,0.737570359564287,0.0018379688262939453,64,GO:0006790,GO:0033554,GO:0051649
DBSCAN,0.0,0.002440214157104492,64,GO:0006790,GO:0033554,GO:0051649
HDBSCAN,0.32394152652658975,0.005597352981567383,64,GO:0006790,GO:0033554,GO:0051649
K-Means,1.0,0.00976252555847168,68,GO:0006790,GO:0050793,GO:0006810
Agglomerative,0.8607491327114116,0.0018856525421142578,68,GO:0006790,GO:0050793,GO:0006810
DBSCAN,0.0,0.0024805068969726562,68,GO:0006790,GO:0050793,GO:0006810
HDBSCAN,0.5152685713248671,0.00585627555847168,68,GO:0006790,GO:0050793,GO:0006810
K-Means,0.9467626660360744,0.009735584259033203,59,GO:0006790,GO:0050793,GO:0042391
Agglomerative,0.9466129155557358,0.001750946044921875,59,GO:0006790,GO:0050793,GO:0042391
DBSCAN,0.0,0.0024261474609375,59,GO:0006790,GO:0050793,GO:0042391
HDBSCAN,0.491831150265387,0.005144834518432617,59,GO:0006790,GO:0050793,GO:0042391
K-Means,0.9444059462332929,0.00972747802734375,53,GO:0006790,GO:0050793,GO:0045165
Agglomerative,0.9444059462332929,0.0016717910766601562,53,GO:0006790,GO:0050793,GO:0045165
DBSCAN,0.0,0.0023889541625976562,53,GO:0006790,GO:0050793,GO:0045165
HDBSCAN,0.5443443901424561,0.004473447799682617,53,GO:0006790,GO:0050793,GO:0045165
K-Means,0.922729300413119,0.009777069091796875,84,GO:0006790,GO:0050793,GO:0030154
Agglomerative,0.8514777187716462,0.002188444137573242,84,GO:0006790,GO:0050793,GO:0030154
DBSCAN,0.0,0.002616405487060547,84,GO:0006790,GO:0050793,GO:0030154
HDBSCAN,0.4259812746393485,0.008202314376831055,84,GO:0006790,GO:0050793,GO:0030154
K-Means,0.5222073845406774,0.009568929672241211,58,GO:0006790,GO:0050793,GO:0010035
Agglomerative,1.0,0.0014336109161376953,58,GO:0006790,GO:0050793,GO:0010035
DBSCAN,0.0,0.0020880699157714844,58,GO:0006790,GO:0050793,GO:0010035
HDBSCAN,0.0,0.004172563552856445,58,GO:0006790,GO:0050793,GO:0010035
K-Means,1.0,0.00977182388305664,67,GO:0006790,GO:0050793,GO:0010033
Agglomerative,1.0,0.0018661022186279297,67,GO:0006790,GO:0050793,GO:0010033
DBSCAN,0.0,0.0024840831756591797,67,GO:0006790,GO:0050793,GO:0010033
HDBSCAN,0.39337216104173556,0.005682945251464844,67,GO:0006790,GO:0050793,GO:0010033
K-Means,0.5049959090570997,0.009743690490722656,66,GO:0006790,GO:0050793,GO:0051649
Agglomerative,0.9030864609811772,0.0018515586853027344,66,GO:0006790,GO:0050793,GO:0051649
DBSCAN,0.0,0.0646824836730957,66,GO:0006790,GO:0050793,GO:0051649
HDBSCAN,0.37268727018703995,0.0051250457763671875,66,GO:0006790,GO:0050793,GO:0051649
K-Means,1.0,0.009765148162841797,68,GO:0006790,GO:0006810,GO:2000241
Agglomerative,1.0,0.0018835067749023438,68,GO:0006790,GO:0006810,GO:2000241
DBSCAN,0.0,0.06467771530151367,68,GO:0006790,GO:0006810,GO:2000241
HDBSCAN,0.5482454180825834,0.0052073001861572266,68,GO:0006790,GO:0006810,GO:2000241
K-Means,1.0,0.009762048721313477,65,GO:0006790,GO:0006810,GO:0042391
Agglomerative,0.9027657735522904,0.0018422603607177734,65,GO:0006790,GO:0006810,GO:0042391
DBSCAN,0.0,0.06471776962280273,65,GO:0006790,GO:0006810,GO:0042391
HDBSCAN,0.5999542804891987,0.004914522171020508,65,GO:0006790,GO:0006810,GO:0042391
K-Means,0.9487469052686444,0.009747982025146484,59,GO:0006790,GO:0006810,GO:0045165
Agglomerative,1.0,0.0017566680908203125,59,GO:0006790,GO:0006810,GO:0045165
DBSCAN,0.0,0.0022606849670410156,59,GO:0006790,GO:0006810,GO:0045165
HDBSCAN,0.5886454183266933,0.004640102386474609,59,GO:0006790,GO:0006810,GO:0045165
K-Means,1.0,0.009810924530029297,90,GO:0006790,GO:0006810,GO:0030154
Agglomerative,0.9618415160494298,0.002317190170288086,90,GO:0006790,GO:0006810,GO:0030154
DBSCAN,0.0,0.0024607181549072266,90,GO:0006790,GO:0006810,GO:0030154
HDBSCAN,0.3778014866391987,0.008428812026977539,90,GO:0006790,GO:0006810,GO:0030154
K-Means,0.9500535140920442,0.009756803512573242,64,GO:0006790,GO:0006810,GO:0010035
Agglomerative,1.0,0.0018277168273925781,64,GO:0006790,GO:0006810,GO:0010035
DBSCAN,0.0,0.002246856689453125,64,GO:0006790,GO:0006810,GO:0010035
HDBSCAN,0.45685909373060213,0.0048944950103759766,64,GO:0006790,GO:0006810,GO:0010035
K-Means,0.9539238375762676,0.009587287902832031,73,GO:0006790,GO:0006810,GO:0010033
Agglomerative,1.0,0.0016360282897949219,73,GO:0006790,GO:0006810,GO:0010033
DBSCAN,0.0,0.06492877006530762,73,GO:0006790,GO:0006810,GO:0010033
HDBSCAN,0.38800484732900253,0.005266666412353516,73,GO:0006790,GO:0006810,GO:0010033
K-Means,1.0,0.009564399719238281,59,GO:0006790,GO:2000241,GO:0042391
Agglomerative,0.8964775785970819,0.0014586448669433594,59,GO:0006790,GO:2000241,GO:0042391
DBSCAN,0.0,0.0020973682403564453,59,GO:0006790,GO:2000241,GO:0042391
HDBSCAN,0.45958412017682154,0.004645347595214844,59,GO:0006790,GO:2000241,GO:0042391
K-Means,0.795925971928953,0.009782075881958008,53,GO:0006790,GO:2000241,GO:0045165
Agglomerative,1.0,0.0016584396362304688,53,GO:0006790,GO:2000241,GO:0045165
DBSCAN,0.0,0.002393007278442383,53,GO:0006790,GO:2000241,GO:0045165
HDBSCAN,0.5043394853197926,0.004635334014892578,53,GO:0006790,GO:2000241,GO:0045165
K-Means,0.9221950981349477,0.009773969650268555,84,GO:0006790,GO:2000241,GO:0030154
Agglomerative,0.922729300413119,0.002176523208618164,84,GO:0006790,GO:2000241,GO:0030154
DBSCAN,0.0,0.0025789737701416016,84,GO:0006790,GO:2000241,GO:0030154
HDBSCAN,0.43041089581208675,0.008363485336303711,84,GO:0006790,GO:2000241,GO:0030154
K-Means,1.0,0.009562492370605469,58,GO:0006790,GO:2000241,GO:0010035
Agglomerative,1.0,0.0014202594757080078,58,GO:0006790,GO:2000241,GO:0010035
DBSCAN,0.0,0.0652766227722168,58,GO:0006790,GO:2000241,GO:0010035
HDBSCAN,0.5660708582128672,0.004292011260986328,58,GO:0006790,GO:2000241,GO:0010035
K-Means,0.440444514008452,0.00974130630493164,67,GO:0006790,GO:2000241,GO:0010033
Agglomerative,1.0,0.0018603801727294922,67,GO:0006790,GO:2000241,GO:0010033
DBSCAN,0.0,0.0022592544555664062,67,GO:0006790,GO:2000241,GO:0010033
HDBSCAN,0.3880651549414863,0.005300760269165039,67,GO:0006790,GO:2000241,GO:0010033
K-Means,1.0,0.009741783142089844,66,GO:0006790,GO:2000241,GO:0051649
Agglomerative,0.9505780478586272,0.0018575191497802734,66,GO:0006790,GO:2000241,GO:0051649
DBSCAN,0.0,0.0022764205932617188,66,GO:0006790,GO:2000241,GO:0051649
HDBSCAN,0.38474366797893034,0.005212306976318359,66,GO:0006790,GO:2000241,GO:0051649
K-Means,1.0,0.03742027282714844,50,GO:0006790,GO:0042391,GO:0045165
Agglomerative,1.0,0.0016236305236816406,50,GO:0006790,GO:0042391,GO:0045165
DBSCAN,0.0,0.0021872520446777344,50,GO:0006790,GO:0042391,GO:0045165
HDBSCAN,0.8237947784137342,0.0038263797760009766,50,GO:0006790,GO:0042391,GO:0045165
K-Means,1.0,0.009792566299438477,81,GO:0006790,GO:0042391,GO:0030154
Agglomerative,1.0,0.0021238327026367188,81,GO:0006790,GO:0042391,GO:0030154
DBSCAN,0.0,0.002362966537475586,81,GO:0006790,GO:0042391,GO:0030154
HDBSCAN,0.6688673899813226,0.00722813606262207,81,GO:0006790,GO:0042391,GO:0030154
K-Means,1.0,0.009717226028442383,55,GO:0006790,GO:0042391,GO:0010035
Agglomerative,1.0,0.0017046928405761719,55,GO:0006790,GO:0042391,GO:0010035
DBSCAN,0.0,0.06483030319213867,55,GO:0006790,GO:0042391,GO:0010035
HDBSCAN,0.7819207356801132,0.004056453704833984,55,GO:0006790,GO:0042391,GO:0010035
K-Means,1.0,0.009742975234985352,64,GO:0006790,GO:0042391,GO:0010033
Agglomerative,1.0,0.0018198490142822266,64,GO:0006790,GO:0042391,GO:0010033
DBSCAN,0.0,0.06473207473754883,64,GO:0006790,GO:0042391,GO:0010033
HDBSCAN,0.7502146462002387,0.0048449039459228516,64,GO:0006790,GO:0042391,GO:0010033
K-Means,1.0,0.009715795516967773,63,GO:0006790,GO:0042391,GO:0051649
Agglomerative,1.0,0.0018053054809570312,63,GO:0006790,GO:0042391,GO:0051649
DBSCAN,0.0,0.06477212905883789,63,GO:0006790,GO:0042391,GO:0051649
HDBSCAN,0.36476049878108346,0.004719734191894531,63,GO:0006790,GO:0042391,GO:0051649
K-Means,1.0,0.009714126586914062,49,GO:0006790,GO:0045165,GO:0010035
Agglomerative,1.0,0.0016107559204101562,49,GO:0006790,GO:0045165,GO:0010035
DBSCAN,0.0,0.002187013626098633,49,GO:0006790,GO:0045165,GO:0010035
HDBSCAN,0.617585848074922,0.0036940574645996094,49,GO:0006790,GO:0045165,GO:0010035
K-Means,0.4875643727863367,0.009585857391357422,58,GO:0006790,GO:0045165,GO:0010033
Agglomerative,1.0,0.0014438629150390625,58,GO:0006790,GO:0045165,GO:0010033
DBSCAN,0.0,0.0020933151245117188,58,GO:0006790,GO:0045165,GO:0010033
HDBSCAN,0.7529947949094713,0.004462718963623047,58,GO:0006790,GO:0045165,GO:0010033
K-Means,0.5021428958932349,0.009732723236083984,57,GO:0006790,GO:0045165,GO:0051649
Agglomerative,0.8038375637369892,0.001722097396850586,57,GO:0006790,GO:0045165,GO:0051649
DBSCAN,0.0,0.002412080764770508,57,GO:0006790,GO:0045165,GO:0051649
HDBSCAN,0.3894015394777286,0.004960298538208008,57,GO:0006790,GO:0045165,GO:0051649
K-Means,1.0,0.009640216827392578,80,GO:0006790,GO:0030154,GO:0010035
Agglomerative,1.0,0.0017428398132324219,80,GO:0006790,GO:0030154,GO:0010035
DBSCAN,0.0,0.0022161006927490234,80,GO:0006790,GO:0030154,GO:0010035
HDBSCAN,0.6077618972613528,0.0063817501068115234,80,GO:0006790,GO:0030154,GO:0010035
K-Means,0.6047944522592154,0.009798288345336914,89,GO:0006790,GO:0030154,GO:0010033
Agglomerative,1.0,0.00228118896484375,89,GO:0006790,GO:0030154,GO:0010033
DBSCAN,0.0,0.0024111270904541016,89,GO:0006790,GO:0030154,GO:0010033
HDBSCAN,0.7556467147454721,0.008134126663208008,89,GO:0006790,GO:0030154,GO:0010033
K-Means,0.924393882359502,0.009795427322387695,88,GO:0006790,GO:0030154,GO:0051649
Agglomerative,0.8512021711167965,0.0022683143615722656,88,GO:0006790,GO:0030154,GO:0051649
DBSCAN,0.0,0.002371072769165039,88,GO:0006790,GO:0030154,GO:0051649
HDBSCAN,0.43276584080850383,0.008181333541870117,88,GO:0006790,GO:0030154,GO:0051649
K-Means,0.45624170719339696,0.009774923324584961,62,GO:0006790,GO:0010035,GO:0051649
Agglomerative,1.0,0.0017876625061035156,62,GO:0006790,GO:0010035,GO:0051649
DBSCAN,0.0,0.0022323131561279297,62,GO:0006790,GO:0010035,GO:0051649
HDBSCAN,0.3613011994119458,0.004717588424682617,62,GO:0006790,GO:0010035,GO:0051649
K-Means,0.9529647632477245,0.009739875793457031,71,GO:0006790,GO:0010033,GO:0051649
Agglomerative,1.0,0.001964092254638672,71,GO:0006790,GO:0010033,GO:0051649
DBSCAN,0.0,0.0025162696838378906,71,GO:0006790,GO:0010033,GO:0051649
HDBSCAN,0.6182731808739541,0.006160736083984375,71,GO:0006790,GO:0010033,GO:0051649
K-Means,0.5457407270703675,0.009747743606567383,70,GO:0033554,GO:0050793,GO:0006810
Agglomerative,0.7951289747907363,0.0019233226776123047,70,GO:0033554,GO:0050793,GO:0006810
DBSCAN,0.0,0.0025053024291992188,70,GO:0033554,GO:0050793,GO:0006810
HDBSCAN,0.27836397624409526,0.005986213684082031,70,GO:0033554,GO:0050793,GO:0006810
K-Means,0.900122254726455,0.009737253189086914,61,GO:0033554,GO:0050793,GO:0042391
Agglomerative,0.85293957406005,0.001775979995727539,61,GO:0033554,GO:0050793,GO:0042391
DBSCAN,0.0,0.002237558364868164,61,GO:0033554,GO:0050793,GO:0042391
HDBSCAN,0.37366230153942914,0.004614114761352539,61,GO:0033554,GO:0050793,GO:0042391
K-Means,0.3180399806886915,0.009724140167236328,55,GO:0033554,GO:0050793,GO:0045165
Agglomerative,0.7510284363677999,0.0016965866088867188,55,GO:0033554,GO:0050793,GO:0045165
DBSCAN,0.0,0.0022263526916503906,55,GO:0033554,GO:0050793,GO:0045165
HDBSCAN,0.0,0.00395655632019043,55,GO:0033554,GO:0050793,GO:0045165
K-Means,0.5051541285312522,0.009621381759643555,86,GO:0033554,GO:0050793,GO:0030154
Agglomerative,0.7292244005012836,0.0018334388732910156,86,GO:0033554,GO:0050793,GO:0030154
DBSCAN,0.0,0.0022542476654052734,86,GO:0033554,GO:0050793,GO:0030154
HDBSCAN,0.1320063718688466,0.008291244506835938,86,GO:0033554,GO:0050793,GO:0030154
K-Means,0.5015657032147605,0.009750843048095703,60,GO:0033554,GO:0050793,GO:0010035
Agglomerative,0.5394271201965111,0.0017712116241455078,60,GO:0033554,GO:0050793,GO:0010035
DBSCAN,0.0,0.002414226531982422,60,GO:0033554,GO:0050793,GO:0010035
HDBSCAN,0.0,0.004830360412597656,60,GO:0033554,GO:0050793,GO:0010035
K-Means,0.7050145662142213,0.009579658508300781,69,GO:0033554,GO:0050793,GO:0010033
Agglomerative,0.813587146178308,0.0015745162963867188,69,GO:0033554,GO:0050793,GO:0010033
DBSCAN,0.0,0.002149343490600586,69,GO:0033554,GO:0050793,GO:0010033
HDBSCAN,0.0,0.005133867263793945,69,GO:0033554,GO:0050793,GO:0010033
K-Means,0.3739403048070542,0.009596586227416992,68,GO:0033554,GO:0050793,GO:0051649
Agglomerative,0.7501766389274918,0.0015637874603271484,68,GO:0033554,GO:0050793,GO:0051649
DBSCAN,0.0,0.06513500213623047,68,GO:0033554,GO:0050793,GO:0051649
HDBSCAN,0.051821577730405084,0.005142688751220703,68,GO:0033554,GO:0050793,GO:0051649
K-Means,0.9136348016997828,0.009746551513671875,70,GO:0033554,GO:0006810,GO:2000241
Agglomerative,0.9185097213921047,0.0019211769104003906,70,GO:0033554,GO:0006810,GO:2000241
DBSCAN,0.0,0.0023064613342285156,70,GO:0033554,GO:0006810,GO:2000241
HDBSCAN,0.305404602114286,0.005479574203491211,70,GO:0033554,GO:0006810,GO:2000241
K-Means,0.43872524030632737,0.009738683700561523,67,GO:0033554,GO:0006810,GO:0042391
Agglomerative,0.8182477322414718,0.0018820762634277344,67,GO:0033554,GO:0006810,GO:0042391
DBSCAN,0.0,0.06287360191345215,67,GO:0033554,GO:0006810,GO:0042391
HDBSCAN,0.46555422679524544,0.005321025848388672,67,GO:0033554,GO:0006810,GO:0042391
K-Means,0.8711357506979241,0.009754657745361328,61,GO:0033554,GO:0006810,GO:0045165
Agglomerative,0.906227581730605,0.0017879009246826172,61,GO:0033554,GO:0006810,GO:0045165
DBSCAN,0.0,0.0024569034576416016,61,GO:0033554,GO:0006810,GO:0045165
HDBSCAN,0.2804539177238732,0.005117893218994141,61,GO:0033554,GO:0006810,GO:0045165
K-Means,0.565493368063886,0.009853839874267578,92,GO:0033554,GO:0006810,GO:0030154
Agglomerative,0.8215048382245027,0.0023615360260009766,92,GO:0033554,GO:0006810,GO:0030154
DBSCAN,0.0,0.002674102783203125,92,GO:0033554,GO:0006810,GO:0030154
HDBSCAN,0.3418118638301248,0.009266853332519531,92,GO:0033554,GO:0006810,GO:0030154
K-Means,0.5192664305836932,0.04929304122924805,66,GO:0033554,GO:0006810,GO:0010035
Agglomerative,0.80068518041933,0.0018765926361083984,66,GO:0033554,GO:0006810,GO:0010035
DBSCAN,0.0,0.002483367919921875,66,GO:0033554,GO:0006810,GO:0010035
HDBSCAN,0.3230960432607645,0.005616188049316406,66,GO:0033554,GO:0006810,GO:0010035
K-Means,0.44608837741161783,0.009746789932250977,75,GO:0033554,GO:0006810,GO:0010033
Agglomerative,0.9232813071677053,0.0020112991333007812,75,GO:0033554,GO:0006810,GO:0010033
DBSCAN,0.0,0.0025653839111328125,75,GO:0033554,GO:0006810,GO:0010033
HDBSCAN,0.39427994046771403,0.006484031677246094,75,GO:0033554,GO:0006810,GO:0010033
K-Means,0.9487900864487225,0.009742021560668945,61,GO:0033554,GO:2000241,GO:0042391
Agglomerative,0.7524393970190157,0.0017805099487304688,61,GO:0033554,GO:2000241,GO:0042391
DBSCAN,0.0,0.0022394657135009766,61,GO:0033554,GO:2000241,GO:0042391
HDBSCAN,0.48315561170591204,0.00466156005859375,61,GO:0033554,GO:2000241,GO:0042391
K-Means,0.3191680873081666,0.009746551513671875,55,GO:0033554,GO:2000241,GO:0045165
Agglomerative,0.9515648665893389,0.0016970634460449219,55,GO:0033554,GO:2000241,GO:0045165
DBSCAN,0.0,0.002417325973510742,55,GO:0033554,GO:2000241,GO:0045165
HDBSCAN,0.16128597875883635,0.0046269893646240234,55,GO:0033554,GO:2000241,GO:0045165
K-Means,0.8378171924002489,0.009778022766113281,86,GO:0033554,GO:2000241,GO:0030154
Agglomerative,0.7856077577330846,0.002224445343017578,86,GO:0033554,GO:2000241,GO:0030154
DBSCAN,0.0,0.002634286880493164,86,GO:0033554,GO:2000241,GO:0030154
HDBSCAN,0.23532014038883092,0.008532524108886719,86,GO:0033554,GO:2000241,GO:0030154
K-Means,0.5913465721027533,0.009731292724609375,60,GO:0033554,GO:2000241,GO:0010035
Agglomerative,0.46137270752622583,0.0017669200897216797,60,GO:0033554,GO:2000241,GO:0010035
DBSCAN,0.0,0.0024542808532714844,60,GO:0033554,GO:2000241,GO:0010035
HDBSCAN,0.2893398499073074,0.005052089691162109,60,GO:0033554,GO:2000241,GO:0010035
K-Means,0.47572046575654203,0.009759187698364258,69,GO:0033554,GO:2000241,GO:0010033
Agglomerative,0.4736768548159307,0.0019097328186035156,69,GO:0033554,GO:2000241,GO:0010033
DBSCAN,0.0,0.002508878707885742,69,GO:0033554,GO:2000241,GO:0010033
HDBSCAN,0.3673786299433715,0.005907773971557617,69,GO:0033554,GO:2000241,GO:0010033
K-Means,0.9122981401241784,0.009731292724609375,68,GO:0033554,GO:2000241,GO:0051649
Agglomerative,0.7488862009965184,0.001905202865600586,68,GO:0033554,GO:2000241,GO:0051649
DBSCAN,0.0,0.0646204948425293,68,GO:0033554,GO:2000241,GO:0051649
HDBSCAN,0.16441937502579423,0.005236625671386719,68,GO:0033554,GO:2000241,GO:0051649
K-Means,0.599609503592794,0.009571552276611328,52,GO:0033554,GO:0042391,GO:0045165
Agglomerative,0.945326492272883,0.0013740062713623047,52,GO:0033554,GO:0042391,GO:0045165
DBSCAN,0.0,0.0020608901977539062,52,GO:0033554,GO:0042391,GO:0045165
HDBSCAN,0.4273619425660387,0.00389862060546875,52,GO:0033554,GO:0042391,GO:0045165
K-Means,0.9381211748503216,0.009629964828491211,83,GO:0033554,GO:0042391,GO:0030154
Agglomerative,0.8533008388967602,0.0018084049224853516,83,GO:0033554,GO:0042391,GO:0030154
DBSCAN,0.0,0.0022432804107666016,83,GO:0033554,GO:0042391,GO:0030154
HDBSCAN,0.4902341715180587,0.007931709289550781,83,GO:0033554,GO:0042391,GO:0030154
K-Means,0.5553528431190962,0.00957798957824707,57,GO:0033554,GO:0042391,GO:0010035
Agglomerative,0.8495691202872532,0.001583099365234375,57,GO:0033554,GO:0042391,GO:0010035
DBSCAN,0.0,0.0021965503692626953,57,GO:0033554,GO:0042391,GO:0010035
HDBSCAN,0.4102859055068705,0.0044062137603759766,57,GO:0033554,GO:0042391,GO:0010035
K-Means,0.47982183912013865,0.009740829467773438,66,GO:0033554,GO:0042391,GO:0010033
Agglomerative,0.9515436588343567,0.0018644332885742188,66,GO:0033554,GO:0042391,GO:0010033
DBSCAN,0.0,0.0024967193603515625,66,GO:0033554,GO:0042391,GO:0010033
HDBSCAN,0.45089737819286596,0.005588531494140625,66,GO:0033554,GO:0042391,GO:0010033
K-Means,0.4943910195303861,0.037795066833496094,65,GO:0033554,GO:0042391,GO:0051649
Agglomerative,0.6829847547770896,0.0018396377563476562,65,GO:0033554,GO:0042391,GO:0051649
DBSCAN,0.0,0.036968231201171875,65,GO:0033554,GO:0042391,GO:0051649
HDBSCAN,0.3111128590886321,0.004844188690185547,65,GO:0033554,GO:0042391,GO:0051649
K-Means,0.3251135061791596,0.00969839096069336,51,GO:0033554,GO:0045165,GO:0010035
Agglomerative,0.4314626620924763,0.0016489028930664062,51,GO:0033554,GO:0045165,GO:0010035
DBSCAN,0.0,0.0023763179779052734,51,GO:0033554,GO:0045165,GO:0010035
HDBSCAN,0.0,0.004089832305908203,51,GO:0033554,GO:0045165,GO:0010035
K-Means,0.37095360534633154,0.009780645370483398,60,GO:0033554,GO:0045165,GO:0010033
Agglomerative,0.8334872956344967,0.0017666816711425781,60,GO:0033554,GO:0045165,GO:0010033
DBSCAN,0.0,0.06475639343261719,60,GO:0033554,GO:0045165,GO:0010033
HDBSCAN,0.0,0.004270315170288086,60,GO:0033554,GO:0045165,GO:0010033
K-Means,0.37498762959815113,0.009741544723510742,59,GO:0033554,GO:0045165,GO:0051649
Agglomerative,0.3842365795674287,0.001756429672241211,59,GO:0033554,GO:0045165,GO:0051649
DBSCAN,0.0,0.00225830078125,59,GO:0033554,GO:0045165,GO:0051649
HDBSCAN,0.057779877395964074,0.004480838775634766,59,GO:0033554,GO:0045165,GO:0051649
K-Means,0.754841168991533,0.009626626968383789,82,GO:0033554,GO:0030154,GO:0010035
Agglomerative,0.4512835078223039,0.0017857551574707031,82,GO:0033554,GO:0030154,GO:0010035
DBSCAN,0.0,0.0022125244140625,82,GO:0033554,GO:0030154,GO:0010035
HDBSCAN,0.39902658404327973,0.007655143737792969,82,GO:0033554,GO:0030154,GO:0010035
K-Means,0.7139793848755251,0.009830236434936523,91,GO:0033554,GO:0030154,GO:0010033
Agglomerative,0.47625654252617816,0.0023183822631835938,91,GO:0033554,GO:0030154,GO:0010033
DBSCAN,0.0,0.0024297237396240234,91,GO:0033554,GO:0030154,GO:0010033
HDBSCAN,0.4478347998154229,0.008335351943969727,91,GO:0033554,GO:0030154,GO:0010033
K-Means,0.7029550856646383,0.009632110595703125,90,GO:0033554,GO:0030154,GO:0051649
Agglomerative,0.423089214798342,0.001905202865600586,90,GO:0033554,GO:0030154,GO:0051649
DBSCAN,0.0,0.0022847652435302734,90,GO:0033554,GO:0030154,GO:0051649
HDBSCAN,0.27345440827456574,0.008814573287963867,90,GO:0033554,GO:0030154,GO:0051649
K-Means,0.37927914341728247,0.009564876556396484,64,GO:0033554,GO:0010035,GO:0051649
Agglomerative,0.3449212795175562,0.0015072822570800781,64,GO:0033554,GO:0010035,GO:0051649
DBSCAN,0.0,0.0021131038665771484,64,GO:0033554,GO:0010035,GO:0051649
HDBSCAN,0.2309448972558659,0.004901409149169922,64,GO:0033554,GO:0010035,GO:0051649
K-Means,0.3915272836900814,0.009617090225219727,73,GO:0033554,GO:0010033,GO:0051649
Agglomerative,0.3900058930353943,0.00162506103515625,73,GO:0033554,GO:0010033,GO:0051649
DBSCAN,0.0,0.002155780792236328,73,GO:0033554,GO:0010033,GO:0051649
HDBSCAN,0.31182984707329936,0.005727052688598633,73,GO:0033554,GO:0010033,GO:0051649
K-Means,1.0,0.009575605392456055,69,GO:0050793,GO:0006810,GO:0042391
Agglomerative,0.7854303653532407,0.0015780925750732422,69,GO:0050793,GO:0006810,GO:0042391
DBSCAN,0.0,0.0021522045135498047,69,GO:0050793,GO:0006810,GO:0042391
HDBSCAN,0.5682468608014264,0.005392551422119141,69,GO:0050793,GO:0006810,GO:0042391
K-Means,0.6616804021519105,0.00974273681640625,63,GO:0050793,GO:0006810,GO:0045165
Agglomerative,0.8059834420906353,0.0018076896667480469,63,GO:0050793,GO:0006810,GO:0045165
DBSCAN,0.0,0.06471991539001465,63,GO:0050793,GO:0006810,GO:0045165
HDBSCAN,0.4725120927149066,0.004669666290283203,63,GO:0050793,GO:0006810,GO:0045165
K-Means,0.9131700566016469,0.009669780731201172,94,GO:0050793,GO:0006810,GO:0030154
Agglomerative,0.7940987321424234,0.001981496810913086,94,GO:0050793,GO:0006810,GO:0030154
DBSCAN,0.0,0.0023238658905029297,94,GO:0050793,GO:0006810,GO:0030154
HDBSCAN,0.33356541113369004,0.008744955062866211,94,GO:0050793,GO:0006810,GO:0030154
K-Means,0.9517969375496078,0.009575366973876953,68,GO:0050793,GO:0006810,GO:0010035
Agglomerative,0.8607491327114116,0.0017194747924804688,68,GO:0050793,GO:0006810,GO:0010035
DBSCAN,0.0,0.0022585391998291016,68,GO:0050793,GO:0006810,GO:0010035
HDBSCAN,0.42199171809028907,0.005339622497558594,68,GO:0050793,GO:0006810,GO:0010035
K-Means,0.43294359736546284,0.009589195251464844,77,GO:0050793,GO:0006810,GO:0010033
Agglomerative,0.8491258836489446,0.0017008781433105469,77,GO:0050793,GO:0006810,GO:0010033
DBSCAN,0.0,0.0021812915802001953,77,GO:0050793,GO:0006810,GO:0010033
HDBSCAN,0.4948612005482321,0.006100654602050781,77,GO:0050793,GO:0006810,GO:0010033
K-Means,0.9464865506955626,0.009749412536621094,54,GO:0050793,GO:0042391,GO:0045165
Agglomerative,0.8850439243728273,0.001676797866821289,54,GO:0050793,GO:0042391,GO:0045165
DBSCAN,0.0,0.06485819816589355,54,GO:0050793,GO:0042391,GO:0045165
HDBSCAN,0.37612136985850064,0.003952980041503906,54,GO:0050793,GO:0042391,GO:0045165
K-Means,0.92424985876418,0.009792089462280273,85,GO:0050793,GO:0042391,GO:0030154
Agglomerative,0.833329935974024,0.0021982192993164062,85,GO:0050793,GO:0042391,GO:0030154
DBSCAN,0.0,0.0023679733276367188,85,GO:0050793,GO:0042391,GO:0030154
HDBSCAN,0.34084373956322345,0.007663249969482422,85,GO:0050793,GO:0042391,GO:0030154
K-Means,0.9519966333115122,0.037568092346191406,59,GO:0050793,GO:0042391,GO:0010035
Agglomerative,0.9466129155557358,0.001756429672241211,59,GO:0050793,GO:0042391,GO:0010035
DBSCAN,0.0,0.002438068389892578,59,GO:0050793,GO:0042391,GO:0010035
HDBSCAN,0.6660918311414166,0.004938840866088867,59,GO:0050793,GO:0042391,GO:0010035
K-Means,0.7551575976811554,0.009655237197875977,68,GO:0050793,GO:0042391,GO:0010033
Agglomerative,0.9602981300210099,0.001584768295288086,68,GO:0050793,GO:0042391,GO:0010033
DBSCAN,0.0,0.002145051956176758,68,GO:0050793,GO:0042391,GO:0010033
HDBSCAN,0.6425603821002582,0.005240440368652344,68,GO:0050793,GO:0042391,GO:0010033
K-Means,0.8264125255275698,0.009612321853637695,67,GO:0050793,GO:0042391,GO:0051649
Agglomerative,0.9057289677699218,0.0017070770263671875,67,GO:0050793,GO:0042391,GO:0051649
DBSCAN,0.0,0.0022754669189453125,67,GO:0050793,GO:0042391,GO:0051649
HDBSCAN,0.23782921404369425,0.005296945571899414,67,GO:0050793,GO:0042391,GO:0051649
K-Means,0.9444059462332929,0.00970602035522461,53,GO:0050793,GO:0045165,GO:0010035
Agglomerative,0.9444059462332929,0.0016791820526123047,53,GO:0050793,GO:0045165,GO:0010035
DBSCAN,0.0,0.002387523651123047,53,GO:0050793,GO:0045165,GO:0010035
HDBSCAN,0.3728970451782349,0.0044977664947509766,53,GO:0050793,GO:0045165,GO:0010035
K-Means,0.6601349954422006,0.009731531143188477,62,GO:0050793,GO:0045165,GO:0010033
Agglomerative,0.9603209672959949,0.0017917156219482422,62,GO:0050793,GO:0045165,GO:0010033
DBSCAN,0.0,0.0024576187133789062,62,GO:0050793,GO:0045165,GO:0010033
HDBSCAN,0.0,0.004992485046386719,62,GO:0050793,GO:0045165,GO:0010033
K-Means,0.49903220692787975,0.009734869003295898,61,GO:0050793,GO:0045165,GO:0051649
Agglomerative,0.6815363361819701,0.0017900466918945312,61,GO:0050793,GO:0045165,GO:0051649
DBSCAN,0.0,0.0024290084838867188,61,GO:0050793,GO:0045165,GO:0051649
HDBSCAN,0.0549857556440228,0.005163669586181641,61,GO:0050793,GO:0045165,GO:0051649
K-Means,0.8594035124282381,0.009768962860107422,84,GO:0050793,GO:0030154,GO:0010035
Agglomerative,0.8514777187716462,0.0021941661834716797,84,GO:0050793,GO:0030154,GO:0010035
DBSCAN,0.0,0.002613067626953125,84,GO:0050793,GO:0030154,GO:0010035
HDBSCAN,0.37140410321331496,0.008163690567016602,84,GO:0050793,GO:0030154,GO:0010035
K-Means,0.9352940731609556,0.009787559509277344,93,GO:0050793,GO:0030154,GO:0010033
Agglomerative,0.8756379022230224,0.002361297607421875,93,GO:0050793,GO:0030154,GO:0010033
DBSCAN,0.0,0.06419181823730469,93,GO:0050793,GO:0030154,GO:0010033
HDBSCAN,0.43993121582752265,0.00842738151550293,93,GO:0050793,GO:0030154,GO:0010033
K-Means,0.6677191479355571,0.009685277938842773,92,GO:0050793,GO:0030154,GO:0051649
Agglomerative,0.7199336218689032,0.0019555091857910156,92,GO:0050793,GO:0030154,GO:0051649
DBSCAN,0.0,0.002301931381225586,92,GO:0050793,GO:0030154,GO:0051649
HDBSCAN,0.12852556880449562,0.008573532104492188,92,GO:0050793,GO:0030154,GO:0051649
K-Means,0.3843607913518777,0.009587287902832031,66,GO:0050793,GO:0010035,GO:0051649
Agglomerative,0.9030864609811772,0.0015418529510498047,66,GO:0050793,GO:0010035,GO:0051649
DBSCAN,0.0,0.06515765190124512,66,GO:0050793,GO:0010035,GO:0051649
HDBSCAN,0.26721894940760416,0.004988670349121094,66,GO:0050793,GO:0010035,GO:0051649
K-Means,0.9198808125814965,0.009744405746459961,75,GO:0050793,GO:0010033,GO:0051649
Agglomerative,0.9246580840429777,0.0020051002502441406,75,GO:0050793,GO:0010033,GO:0051649
DBSCAN,0.0,0.0023016929626464844,75,GO:0050793,GO:0010033,GO:0051649
HDBSCAN,0.3535301931133136,0.005936861038208008,75,GO:0050793,GO:0010033,GO:0051649
K-Means,0.9557117248443779,0.03735184669494629,69,GO:0006810,GO:2000241,GO:0042391
Agglomerative,0.8726654594079827,0.0019116401672363281,69,GO:0006810,GO:2000241,GO:0042391
DBSCAN,0.0,0.002288818359375,69,GO:0006810,GO:2000241,GO:0042391
HDBSCAN,0.6045685106738827,0.005381107330322266,69,GO:0006810,GO:2000241,GO:0042391
K-Means,0.8598463803544641,0.009771108627319336,63,GO:0006810,GO:2000241,GO:0045165
Agglomerative,1.0,0.0018100738525390625,63,GO:0006810,GO:2000241,GO:0045165
DBSCAN,0.0,0.0022640228271484375,63,GO:0006810,GO:2000241,GO:0045165
HDBSCAN,0.5473335687161788,0.0048656463623046875,63,GO:0006810,GO:2000241,GO:0045165
K-Means,0.6892614055292519,0.00977325439453125,94,GO:0006810,GO:2000241,GO:0030154
Agglomerative,0.9021141769935628,0.0023708343505859375,94,GO:0006810,GO:2000241,GO:0030154
DBSCAN,0.0,0.06418919563293457,94,GO:0006810,GO:2000241,GO:0030154
HDBSCAN,0.3453913589253182,0.008663415908813477,94,GO:0006810,GO:2000241,GO:0030154
K-Means,0.525061086990671,0.00969839096069336,68,GO:0006810,GO:2000241,GO:0010035
Agglomerative,1.0,0.0018763542175292969,68,GO:0006810,GO:2000241,GO:0010035
DBSCAN,0.0,0.002264738082885742,68,GO:0006810,GO:2000241,GO:0010035
HDBSCAN,0.4836994603876531,0.00525212287902832,68,GO:0006810,GO:2000241,GO:0010035
K-Means,0.9619666338611398,0.013186216354370117,77,GO:0006810,GO:2000241,GO:0010033
Agglomerative,1.0,0.002026081085205078,77,GO:0006810,GO:2000241,GO:0010033
DBSCAN,0.0,0.06113839149475098,77,GO:0006810,GO:2000241,GO:0010033
HDBSCAN,0.4844612219591628,0.006023883819580078,77,GO:0006810,GO:2000241,GO:0010033
K-Means,0.9503540429900329,0.009727954864501953,60,GO:0006810,GO:0042391,GO:0045165
Agglomerative,0.8882965967275741,0.0017704963684082031,60,GO:0006810,GO:0042391,GO:0045165
DBSCAN,0.0,0.0022470951080322266,60,GO:0006810,GO:0042391,GO:0045165
HDBSCAN,0.6295893693014176,0.0046062469482421875,60,GO:0006810,GO:0042391,GO:0045165
K-Means,1.0,0.009774208068847656,91,GO:0006810,GO:0042391,GO:0030154
Agglomerative,0.9158751354211282,0.0023212432861328125,91,GO:0006810,GO:0042391,GO:0030154
DBSCAN,0.0,0.002448558807373047,91,GO:0006810,GO:0042391,GO:0030154
HDBSCAN,0.4950340763561136,0.008406639099121094,91,GO:0006810,GO:0042391,GO:0030154
K-Means,0.42736162919649157,0.009731531143188477,65,GO:0006810,GO:0042391,GO:0010035
Agglomerative,0.9027657735522904,0.0018372535705566406,65,GO:0006810,GO:0042391,GO:0010035
DBSCAN,0.0,0.06470584869384766,65,GO:0006810,GO:0042391,GO:0010035
HDBSCAN,0.608433734939759,0.004895925521850586,65,GO:0006810,GO:0042391,GO:0010035
K-Means,0.9550083287062743,0.009601354598999023,74,GO:0006810,GO:0042391,GO:0010033
Agglomerative,0.9247209668318889,0.0016660690307617188,74,GO:0006810,GO:0042391,GO:0010033
DBSCAN,0.0,0.002167224884033203,74,GO:0006810,GO:0042391,GO:0010033
HDBSCAN,0.36247037422067124,0.005948781967163086,74,GO:0006810,GO:0042391,GO:0010033
K-Means,0.8871598713379119,0.009581327438354492,59,GO:0006810,GO:0045165,GO:0010035
Agglomerative,1.0,0.0014500617980957031,59,GO:0006810,GO:0045165,GO:0010035
DBSCAN,0.0,0.0020864009857177734,59,GO:0006810,GO:0045165,GO:0010035
HDBSCAN,0.47778081941783007,0.0045244693756103516,59,GO:0006810,GO:0045165,GO:0010035
K-Means,0.9104424234072073,0.009871959686279297,68,GO:0006810,GO:0045165,GO:0010033
Agglomerative,1.0,0.0018863677978515625,68,GO:0006810,GO:0045165,GO:0010033
DBSCAN,0.0,0.002283811569213867,68,GO:0006810,GO:0045165,GO:0010033
HDBSCAN,0.3036831970076103,0.005399465560913086,68,GO:0006810,GO:0045165,GO:0010033
K-Means,0.975835493915264,0.009604692459106445,90,GO:0006810,GO:0030154,GO:0010035
Agglomerative,0.9618415160494298,0.001882314682006836,90,GO:0006810,GO:0030154,GO:0010035
DBSCAN,0.0,0.0648353099822998,90,GO:0006810,GO:0030154,GO:0010035
HDBSCAN,0.42715179915406043,0.008071660995483398,90,GO:0006810,GO:0030154,GO:0010035
K-Means,0.9753793375690816,0.009810209274291992,99,GO:0006810,GO:0030154,GO:0010033
Agglomerative,0.9675597397967521,0.002498149871826172,99,GO:0006810,GO:0030154,GO:0010033
DBSCAN,0.0,0.06405997276306152,99,GO:0006810,GO:0030154,GO:0010033
HDBSCAN,0.3672594112743377,0.009402990341186523,99,GO:0006810,GO:0030154,GO:0010033
K-Means,0.7624344245965867,0.04564166069030762,54,GO:2000241,GO:0042391,GO:0045165
Agglomerative,0.87836804079898,0.0016815662384033203,54,GO:2000241,GO:0042391,GO:0045165
DBSCAN,0.0,0.002214193344116211,54,GO:2000241,GO:0042391,GO:0045165
HDBSCAN,0.4920860640534191,0.004121303558349609,54,GO:2000241,GO:0042391,GO:0045165
K-Means,0.43231475977145284,0.009775161743164062,85,GO:2000241,GO:0042391,GO:0030154
Agglomerative,0.8805606365859363,0.00220489501953125,85,GO:2000241,GO:0042391,GO:0030154
DBSCAN,0.0,0.06433868408203125,85,GO:2000241,GO:0042391,GO:0030154
HDBSCAN,0.38602661266323735,0.00748896598815918,85,GO:2000241,GO:0042391,GO:0030154
K-Means,0.9519966333115122,0.009705781936645508,59,GO:2000241,GO:0042391,GO:0010035
Agglomerative,0.8964775785970819,0.0017540454864501953,59,GO:2000241,GO:0042391,GO:0010035
DBSCAN,0.0,0.002208709716796875,59,GO:2000241,GO:0042391,GO:0010035
HDBSCAN,0.6253752248006044,0.0044748783111572266,59,GO:2000241,GO:0042391,GO:0010035
K-Means,1.0,0.009589433670043945,68,GO:2000241,GO:0042391,GO:0010033
Agglomerative,0.922892591033558,0.0015616416931152344,68,GO:2000241,GO:0042391,GO:0010033
DBSCAN,0.0,0.06515622138977051,68,GO:2000241,GO:0042391,GO:0010033
HDBSCAN,0.7062601647426112,0.005210161209106445,68,GO:2000241,GO:0042391,GO:0010033
K-Means,0.7274337546391217,0.009766578674316406,67,GO:2000241,GO:0042391,GO:0051649
Agglomerative,0.8745359449745038,0.0018815994262695312,67,GO:2000241,GO:0042391,GO:0051649
DBSCAN,0.0,0.002275228500366211,67,GO:2000241,GO:0042391,GO:0051649
HDBSCAN,0.3706950532247965,0.005153179168701172,67,GO:2000241,GO:0042391,GO:0051649
K-Means,0.795925971928953,0.009556055068969727,53,GO:2000241,GO:0045165,GO:0010035
Agglomerative,1.0,0.0013654232025146484,53,GO:2000241,GO:0045165,GO:0010035
DBSCAN,0.0,0.002057790756225586,53,GO:2000241,GO:0045165,GO:0010035
HDBSCAN,0.5620467977655526,0.004027128219604492,53,GO:2000241,GO:0045165,GO:0010035
K-Means,0.8546736907344282,0.009715795516967773,62,GO:2000241,GO:0045165,GO:0010033
Agglomerative,1.0,0.0017924308776855469,62,GO:2000241,GO:0045165,GO:0010033
DBSCAN,0.0,0.06475090980529785,62,GO:2000241,GO:0045165,GO:0010033
HDBSCAN,0.5904343754538307,0.0047113895416259766,62,GO:2000241,GO:0045165,GO:0010033
K-Means,0.26058124095540736,0.00975656509399414,61,GO:2000241,GO:0045165,GO:0051649
Agglomerative,0.8983354849632812,0.0017631053924560547,61,GO:2000241,GO:0045165,GO:0051649
DBSCAN,0.0,0.06477808952331543,61,GO:2000241,GO:0045165,GO:0051649
HDBSCAN,0.079830319430985,0.0046727657318115234,61,GO:2000241,GO:0045165,GO:0051649
K-Means,0.9221950981349477,0.009595870971679688,84,GO:2000241,GO:0030154,GO:0010035
Agglomerative,0.922729300413119,0.001809835433959961,84,GO:2000241,GO:0030154,GO:0010035
DBSCAN,0.0,0.0022215843200683594,84,GO:2000241,GO:0030154,GO:0010035
HDBSCAN,0.40469713853367545,0.007993936538696289,84,GO:2000241,GO:0030154,GO:0010035
K-Means,0.6066092198931508,0.009803533554077148,93,GO:2000241,GO:0030154,GO:0010033
Agglomerative,0.9352940731609556,0.0023636817932128906,93,GO:2000241,GO:0030154,GO:0010033
DBSCAN,0.0,0.0024509429931640625,93,GO:2000241,GO:0030154,GO:0010033
HDBSCAN,0.4433592756498296,0.008693456649780273,93,GO:2000241,GO:0030154,GO:0010033
K-Means,0.6828818482739986,0.009795427322387695,92,GO:2000241,GO:0030154,GO:0051649
Agglomerative,0.8045343303587105,0.0023343563079833984,92,GO:2000241,GO:0030154,GO:0051649
DBSCAN,0.0,0.002653837203979492,92,GO:2000241,GO:0030154,GO:0051649
HDBSCAN,0.17666064229111636,0.009282827377319336,92,GO:2000241,GO:0030154,GO:0051649
K-Means,0.43577153076158714,0.00978851318359375,66,GO:2000241,GO:0010035,GO:0051649
Agglomerative,0.9505780478586272,0.0018541812896728516,66,GO:2000241,GO:0010035,GO:0051649
DBSCAN,0.0,0.0024547576904296875,66,GO:2000241,GO:0010035,GO:0051649
HDBSCAN,0.349241934721281,0.005675315856933594,66,GO:2000241,GO:0010035,GO:0051649
K-Means,0.40391539263217946,0.009772300720214844,75,GO:2000241,GO:0010033,GO:0051649
Agglomerative,0.9615646099128385,0.001993894577026367,75,GO:2000241,GO:0010033,GO:0051649
DBSCAN,0.0,0.002544403076171875,75,GO:2000241,GO:0010033,GO:0051649
HDBSCAN,0.4885701841765465,0.006573915481567383,75,GO:2000241,GO:0010033,GO:0051649
K-Means,0.9333526776808545,0.009767532348632812,50,GO:0042391,GO:0045165,GO:0010035
Agglomerative,1.0,0.0016133785247802734,50,GO:0042391,GO:0045165,GO:0010035
DBSCAN,0.0,0.0023581981658935547,50,GO:0042391,GO:0045165,GO:0010035
HDBSCAN,0.6653940949283463,0.004291534423828125,50,GO:0042391,GO:0045165,GO:0010035
K-Means,1.0,0.009716272354125977,59,GO:0042391,GO:0045165,GO:0010033
Agglomerative,1.0,0.0017523765563964844,59,GO:0042391,GO:0045165,GO:0010033
DBSCAN,0.0,0.002422809600830078,59,GO:0042391,GO:0045165,GO:0010033
HDBSCAN,0.730210026243523,0.0050203800201416016,59,GO:0042391,GO:0045165,GO:0010033
K-Means,0.6082112424420248,0.009714365005493164,58,GO:0042391,GO:0045165,GO:0051649
Agglomerative,0.8103910490023859,0.0017244815826416016,58,GO:0042391,GO:0045165,GO:0051649
DBSCAN,0.0,0.0023920536041259766,58,GO:0042391,GO:0045165,GO:0051649
HDBSCAN,0.25871962209336213,0.0048749446868896484,58,GO:0042391,GO:0045165,GO:0051649
K-Means,0.513454677390095,0.009644031524658203,81,GO:0042391,GO:0030154,GO:0010035
Agglomerative,1.0,0.0017597675323486328,81,GO:0042391,GO:0030154,GO:0010035
DBSCAN,0.0,0.002215862274169922,81,GO:0042391,GO:0030154,GO:0010035
HDBSCAN,0.7137436779920673,0.007212400436401367,81,GO:0042391,GO:0030154,GO:0010035
K-Means,1.0,0.009776830673217773,90,GO:0042391,GO:0030154,GO:0010033
Agglomerative,1.0,0.0022957324981689453,90,GO:0042391,GO:0030154,GO:0010033
DBSCAN,0.0,0.0026454925537109375,90,GO:0042391,GO:0030154,GO:0010033
HDBSCAN,0.7237573090615013,0.008906841278076172,90,GO:0042391,GO:0030154,GO:0010033
K-Means,0.7210924349718117,0.009742021560668945,89,GO:0042391,GO:0030154,GO:0051649
Agglomerative,0.8539223853872648,0.002271413803100586,89,GO:0042391,GO:0030154,GO:0051649
DBSCAN,0.0,0.0026412010192871094,89,GO:0042391,GO:0030154,GO:0051649
HDBSCAN,0.3784155530730362,0.008757591247558594,89,GO:0042391,GO:0030154,GO:0051649
K-Means,0.4584864224752167,0.009592294692993164,63,GO:0042391,GO:0010035,GO:0051649
Agglomerative,1.0,0.0015001296997070312,63,GO:0042391,GO:0010035,GO:0051649
DBSCAN,0.0,0.002115964889526367,63,GO:0042391,GO:0010035,GO:0051649
HDBSCAN,0.529350662301185,0.004758119583129883,63,GO:0042391,GO:0010035,GO:0051649
K-Means,0.566833157324024,0.009739875793457031,72,GO:0042391,GO:0010033,GO:0051649
Agglomerative,1.0,0.0019478797912597656,72,GO:0042391,GO:0010033,GO:0051649
DBSCAN,0.0,0.06460905075073242,72,GO:0042391,GO:0010033,GO:0051649
HDBSCAN,0.6249857260212729,0.005517005920410156,72,GO:0042391,GO:0010033,GO:0051649
K-Means,0.8887580068445888,0.009738922119140625,57,GO:0045165,GO:0010035,GO:0051649
Agglomerative,0.8038375637369892,0.0017185211181640625,57,GO:0045165,GO:0010035,GO:0051649
DBSCAN,0.0,0.06479382514953613,57,GO:0045165,GO:0010035,GO:0051649
HDBSCAN,0.29756310641057887,0.004229307174682617,57,GO:0045165,GO:0010035,GO:0051649
K-Means,0.6982904377230885,0.009739160537719727,66,GO:0045165,GO:0010033,GO:0051649
Agglomerative,0.8552559025515063,0.0018610954284667969,66,GO:0045165,GO:0010033,GO:0051649
DBSCAN,0.0,0.0022585391998291016,66,GO:0045165,GO:0010033,GO:0051649
HDBSCAN,0.4113199522723782,0.0050847530364990234,66,GO:0045165,GO:0010033,GO:0051649
K-Means,0.938054026252119,0.009634971618652344,88,GO:0030154,GO:0010035,GO:0051649
Agglomerative,0.8512021711167965,0.0018661022186279297,88,GO:0030154,GO:0010035,GO:0051649
DBSCAN,0.0,0.06483888626098633,88,GO:0030154,GO:0010035,GO:0051649
HDBSCAN,0.43985290076988726,0.007865667343139648,88,GO:0030154,GO:0010035,GO:0051649
K-Means,0.8511667554608418,0.009674787521362305,97,GO:0030154,GO:0010033,GO:0051649
Agglomerative,0.8741006044724571,0.0020225048065185547,97,GO:0030154,GO:0010033,GO:0051649
DBSCAN,0.0,0.002330303192138672,97,GO:0030154,GO:0010033,GO:0051649
HDBSCAN,0.5096538306637427,0.009157419204711914,97,GO:0030154,GO:0010033,GO:0051649
K-Means,0.7328004780757451,0.009529590606689453,50,GO:0010468,GO:0031328,GO:0018205
Agglomerative,0.7328004780757451,0.0013606548309326172,50,GO:0010468,GO:0031328,GO:0018205
DBSCAN,0.0,0.00205230712890625,50,GO:0010468,GO:0031328,GO:0018205
HDBSCAN,0.4829258700924166,0.003787517547607422,50,GO:0010468,GO:0031328,GO:0018205
K-Means,0.2885922201796066,0.009562015533447266,51,GO:0010468,GO:0031328,GO:0051054
Agglomerative,0.7739017192890095,0.0013682842254638672,51,GO:0010468,GO:0031328,GO:0051054
DBSCAN,0.0,0.002033710479736328,51,GO:0010468,GO:0031328,GO:0051054
HDBSCAN,0.0,0.003653287887573242,51,GO:0010468,GO:0031328,GO:0051054
K-Means,0.426614261650758,0.009732723236083984,46,GO:0010468,GO:0018205,GO:0051054
Agglomerative,0.48544995794785534,0.0015683174133300781,46,GO:0010468,GO:0018205,GO:0051054
DBSCAN,0.0,0.002274036407470703,46,GO:0010468,GO:0018205,GO:0051054
HDBSCAN,0.48544995794785534,0.0035028457641601562,46,GO:0010468,GO:0018205,GO:0051054
K-Means,0.9373653442625252,0.009566307067871094,51,GO:0031328,GO:0018205,GO:0051054
Agglomerative,0.9373653442625252,0.0015223026275634766,51,GO:0031328,GO:0018205,GO:0051054
DBSCAN,0.0,0.0021681785583496094,51,GO:0031328,GO:0018205,GO:0051054
HDBSCAN,0.47770029480364185,0.0038521289825439453,51,GO:0031328,GO:0018205,GO:0051054
K-Means,1.0,0.009557008743286133,44,GO:0019752,GO:0044089,GO:0019216
Agglomerative,1.0,0.0012879371643066406,44,GO:0019752,GO:0044089,GO:0019216
DBSCAN,0.0,0.002026081085205078,44,GO:0019752,GO:0044089,GO:0019216
HDBSCAN,0.3774785589285973,0.003377676010131836,44,GO:0019752,GO:0044089,GO:0019216
K-Means,1.0,0.009728193283081055,49,GO:0019752,GO:0044089,GO:0050804
Agglomerative,1.0,0.0016093254089355469,49,GO:0019752,GO:0044089,GO:0050804
DBSCAN,0.0,0.002164602279663086,49,GO:0019752,GO:0044089,GO:0050804
HDBSCAN,0.540263170087569,0.0036780834197998047,49,GO:0019752,GO:0044089,GO:0050804
K-Means,1.0,0.009526491165161133,47,GO:0019752,GO:0019216,GO:0050804
Agglomerative,1.0,0.0013153553009033203,47,GO:0019752,GO:0019216,GO:0050804
DBSCAN,0.0,0.06538152694702148,47,GO:0019752,GO:0019216,GO:0050804
HDBSCAN,0.7781490116240888,0.0035507678985595703,47,GO:0019752,GO:0019216,GO:0050804
K-Means,0.6339489867022051,0.009702205657958984,43,GO:0044089,GO:0019216,GO:0050804
Agglomerative,1.0,0.0015289783477783203,43,GO:0044089,GO:0019216,GO:0050804
DBSCAN,0.0,0.002145528793334961,43,GO:0044089,GO:0019216,GO:0050804
HDBSCAN,0.35624402455940624,0.003293752670288086,43,GO:0044089,GO:0019216,GO:0050804
